DomainName,Cluster
10er-tagesticket.de,Regio Schiene
20jahrebahncard.de,Fernverkehr
20-jahre-bahncard.de,Fernverkehr
25jahreice.de,Fernverkehr
49eur.de,VT-Plattform (passiv)
abo-mehr.com,VT-Plattform (passiv)
abo-mehr.de,VT-Plattform (passiv)
abo-offensive.de,VT-Plattform (passiv)
aboservice-bahn.de,P.DL
aboticket.com,VT-Plattform (passiv)
abo-ticket.com,VT-Plattform (passiv)
abo-ticket.de,VT-Plattform (passiv)
aboundmehr.com,VT-Plattform (passiv)
aboundmehr.de,VT-Plattform (passiv)
adventskalender-bahn.de,P.DL
aeorcityliner.biz,Sonstige
aeorcityliner.com,Sonstige
aeorcitytiner.de,Sonstige
aeorcityliner.info,Sonstige
aeorcityliner.net,Sonstige
aeorcityliner.org,Sonstige
aerocityliner.biz,Sonstige
aerocityliner.com,Sonstige
aerocityliner.de,Sonstige
aerocityliner.eu,Sonstige
aerocityliner.info,Sonstige
aerocityliner.net,Sonstige
aerocityliner.org,Sonstige
aerorapid.biz,Sonstige
aerorapid.com,Sonstige
aerorapid.de,Sonstige
aerorapid.eu,Sonstige
aerorapid.info,Sonstige
aerorapid.net,Sonstige
aerorapid.org,Sonstige
airapid.biz,Sonstige
airapid.com,Sonstige
airapid.de,Sonstige
airapid.eu,Sonstige
airapid.info,Sonstige
airapid.net,Sonstige
airapid.org,Sonstige
airportcityexpress.biz,Sonstige
airportcityexpress.com,Sonstige
airportcityexpress.de,Sonstige
airportcityexpress.info,Sonstige
airportcityexpress.net,Sonstige
airportcityexpress.org,Sonstige
airportcityliner.biz,Sonstige
airportcityliner.com,Sonstige
airportcityliner.de,Sonstige
airportcityliner.info,Sonstige
airportcityliner.net,Sonstige
airportcityliner.org,Sonstige
airport-sprinter.eu,Sonstige
airrapid.eu,Sonstige
airxpress.eu,Sonstige
ak-schnellbus.de,Regio Bus
allersbergexpress.de,Regio Schiene
allersberg-express.de,Regio Schiene
allgaeufrankenexpress.de,Regio Schiene
allgaeu-franken-express.de,Regio Schiene
alpha-bahn.de,VT-Plattform (passiv)
altmarkbahn.biz,Regio Schiene
altmarkbahn.com,Regio Schiene
altmarkbahn.info,Regio Schiene
altmarkbahn.net,Regio Schiene
altmarkbahn.org,Regio Schiene
amsterdamonice.co.uk,Fernverkehr
amsterdam-on-ice.co.uk,Fernverkehr
amsterdamonice.com,Fernverkehr
amsterdam-on-ice.com,Fernverkehr
anaflok.de,Sonstige
analyse-bahn.de,P.DL
anhaltinischebahn.biz,Regio Schiene
anhaltinische-bahn.biz,Regio Schiene
anhaltinischebahn.com,Regio Schiene
anhaltinische-bahn.com,Regio Schiene
anhaltinischebahn.de,Regio Schiene
anhaltinische-bahn.de,Regio Schiene
anhaltinischebahn.info,Regio Schiene
anhaltinische-bahn.info,Regio Schiene
anhaltinischebahn.net,Regio Schiene
anhaltinische-bahn.net,Regio Schiene
anhaltinischebahn.org,Regio Schiene
anhaltinische-bahn.org,Regio Schiene
apps-bahn.de,VT-Plattform (passiv)
apps-bahn-tat.de,VT-Plattform (passiv)
autokraft.de,Regio Bus
autokraft-reisen.de,Regio Bus
autokraft-schnellbus.de,Regio Bus
autoverzicht.de,Sonstige
aw-handyticket.de,DB Vertrieb
baederbus.de,Regio Bus
bagn.de,VT-Plattform (passiv)
bahn.be,VT-Plattform (passiv)
bahn.co.uk,VT-Plattform (passiv)
bahn.com,VT-Plattform (aktiv)
bahn.de,VT-Plattform (aktiv)
bahn.eu,VT-Plattform (passiv)
bahn.fail,Sonstige
bahn.fr,VT-Plattform (passiv)
bahn.info,VT-Plattform (passiv)
bahn.it,VT-Plattform (passiv)
bahn.media,Sonstige
bahn.net,VT-Plattform (passiv)
bahn.se,VT-Plattform (passiv)
bahn-adventskalender.de,P.DL
bahnaktie.net,Sonstige
bahnauskunft.de,VT-Plattform (passiv)
bahnbonus.biz,Fernverkehr
bahn-bonus.biz,Fernverkehr
bahnbonus.com,Fernverkehr
bahn-bonus.com,Fernverkehr
bahnbonus.info,Fernverkehr
bahn-bonus.info,Fernverkehr
bahnbonus.net,Fernverkehr
bahn-bonus.net,Fernverkehr
bahnbonus.org,Fernverkehr
bahn-bonus.org,Fernverkehr
bahnbonus-freizeitwelt.de,Fernverkehr
bahnbonusonlineshopping.de,Fernverkehr
bahnbonus-onlineshopping.de,Fernverkehr
bahn-bonus-onlineshopping.de,Fernverkehr
bahnbonus-praemienwelt.de,Fernverkehr
bahnbonusshopping.de,Fernverkehr
bahn-bonus-shopping.de,Fernverkehr
bahnbonusshoppingwelt.de,Fernverkehr
bahnbonus-shoppingwelt.de,Fernverkehr
bahn-bonus-shoppingwelt.de,Fernverkehr
bahnbonusstatus.com,Fernverkehr
bahnbonus-status.com,Fernverkehr
bahn-bonus-status.com,Fernverkehr
bahnbonusstatus.de,Fernverkehr
bahnbonus-status.de,Fernverkehr
bahn-bonus-status.de,Fernverkehr
bahnbonusstatus.eu,Fernverkehr
bahnbonus-status.eu,Fernverkehr
bahn-bonus-status.eu,Fernverkehr
bahnbonusupdate.com,Fernverkehr
bahnbonus-update.com,Fernverkehr
bahnbonusupdate.de,Fernverkehr
bahnbonus-update.de,Fernverkehr
bahnbonusupdate.net,Fernverkehr
bahnbonus-update.net,Fernverkehr
bahnbonusupdate.org,Fernverkehr
bahnbonus-update.org,Fernverkehr
bahnbtm.de,P.DL
bahnbuchung.de,VT-Plattform (passiv)
bahnbus.de,Regio Bus
bahnbus-hochstift.de,Regio Schiene
bahnbusiness.com,VT-Plattform (passiv)
bahnbusiness.de,VT-Plattform (aktiv)
bahncard.biz,Fernverkehr
bahn-card.biz,Fernverkehr
bahncard.de,Fernverkehr
bahn-card.de,Fernverkehr
bahncard.info,Fernverkehr
bahn-card.info,Fernverkehr
bahncard.net,Fernverkehr
bahncard.org,Fernverkehr
bahncard-100.com,Fernverkehr
bahncard-25.biz,Fernverkehr
bahncard-25.com,Fernverkehr
bahncard-25.de,Fernverkehr
bahncard-25.info,Fernverkehr
bahncard-25.net,Fernverkehr
bahncard-25.org,Fernverkehr
bahncard-50.biz,Fernverkehr
bahncard50.com,Fernverkehr
bahncard-50.com,Fernverkehr
bahncard-50.de,Fernverkehr
bahncard-50.info,Fernverkehr
bahncard-50.net,Fernverkehr
bahncard-50.org,Fernverkehr
bahncard-aktionen.de,Fernverkehr
bahncardbude.com,Fernverkehr
bahncard-bude.com,Fernverkehr
bahncardbude.de,Fernverkehr
bahncard-bude.de,Fernverkehr
bahncardbude.eu,Fernverkehr
bahncard-bude.eu,Fernverkehr
bahncardbude.info,Fernverkehr
bahncard-bude.info,Fernverkehr
bahncardbude.net,Fernverkehr
bahncard-bude.net,Fernverkehr
bahncardbude.org,Fernverkehr
bahncard-bude.org,Fernverkehr
bahncard-empfehlen.de,Fernverkehr
bahncardreisen.de,Fernverkehr
bahncard-reisen.de,Fernverkehr
bahncards.biz,Fernverkehr
bahncards.com,Fernverkehr
bahncards.de,Fernverkehr
bahncards.info,Fernverkehr
bahncards.net,Fernverkehr
bahncards.org,Fernverkehr
bahncardservice.de,Fernverkehr
bahncard-service.de,Fernverkehr
bahncardurlaub.de,Fernverkehr
bahncard-urlaub.de,Fernverkehr
bahncart.biz,Fernverkehr
bahncart.com,Fernverkehr
bahncart.de,Fernverkehr
bahncartinfo,Fernverkehr
bahncart.net,Fernverkehr
bahncart.org,Fernverkehr
bahncomfort.biz,Fernverkehr
bahn-comfort.biz,Fernverkehr
bahncomfort.com,Fernverkehr
bahn-comfort.com,Fernverkehr
bahncomfort.de,Fernverkehr
bahn-comfort.de,Fernverkehr
bahn-comfort.eu,Fernverkehr
bahncomfort.info,Fernverkehr
bahn-comfort.info,Fernverkehr
bahncorporate.com,Fernverkehr
bahn-corporate.com,Fernverkehr
bahncorporate.de,Fernverkehr
bahn-corporate.de,Fernverkehr
bahncorporate.eu,Fernverkehr
bahn-corporate.eu,Fernverkehr
bahncorporate.net,Fernverkehr
bahn-corporate.net,Fernverkehr
bahncorporate.org,Fernverkehr
bahn-corporate.org,Fernverkehr
bahncorporate-g.com,Fernverkehr
bahn-corporate-g.com,Fernverkehr
bahncorporate-g.de,Fernverkehr
bahn-corporate-g.de,Fernverkehr
bahncorporate-g.net,Fernverkehr
bahn-corporate-g.net,Fernverkehr
bahncorporate-g.org,Fernverkehr
bahn-corporate-g.org,Fernverkehr
bahncorporate-m.com,Fernverkehr
bahn-corporate-m.com,Fernverkehr
bahncorporate-m.de,Fernverkehr
bahn-corporate-m.de,Fernverkehr
bahncorporate-m.net,Fernverkehr
bahn-corporate-m.net,Fernverkehr
bahncorporate-m.org,Fernverkehr
bahn-corporate-m.org,Fernverkehr
bahndirect.de,VT-Plattform (passiv)
bahn-direct.de,VT-Plattform (passiv)
bahndirekt.de,VT-Plattform (passiv)
bahn-direkt.de,VT-Plattform (passiv)
bahnfahrenimsuedwesten.de,Regio Schiene
bahnfahren-im-suedwesten.de,Regio Schiene
bahnfahrkarten.biz,VT-Plattform (passiv)
bahnfahrkarten.net,VT-Plattform (passiv)
bahnfahrkarten.org,VT-Plattform (passiv)
bahn-geschenketicket.de,Fernverkehr
bahn-id.de,VT-Plattform (passiv)
bahn-idee.de,Sonstige
bahninform.de,Sonstige
bahninmotion.biz,Fernverkehr
bahn-in-motion.biz,Fernverkehr
bahninmotion.com,Fernverkehr
bahn-in-motion.com,Fernverkehr
bahninmotion.de,Fernverkehr
bahn-in-motion.de,Fernverkehr
bahninmotion.info,Fernverkehr
bahninmotion.net,Fernverkehr
bahn-in-motion.net,Fernverkehr
bahninmotion.org,Fernverkehr
bahn-in-motion.org,Fernverkehr
bahnkard.biz,Fernverkehr
bahnkard.com,Fernverkehr
bahnkard.de,Fernverkehr
bahnkard.info,Fernverkehr
bahnkard.net,Fernverkehr
bahnkard.org,Fernverkehr
bahnkarte.biz,Fernverkehr
bahnkarte.com,Fernverkehr
bahnkarte.info,Fernverkehr
bahnkarte.net,Fernverkehr
bahnkarte.org,Fernverkehr
bahnklimaticket.de,VT-Plattform (passiv)
bahn-klimaticket.de,VT-Plattform (passiv)
bahnkomfort.biz,Fernverkehr
bahn-komfort.biz,Fernverkehr
bahnkomfort.com,Fernverkehr
bahn-komfort.com,Fernverkehr
bahnkomfort.de,Fernverkehr
bahn-komfort.de,Fernverkehr
bahnkomfort.info,Fernverkehr
bahn-komfort.info,Fernverkehr
bahnmitfahrzentrale.de,Sonstige
bahn-mitfahrzentrale.de,P.DL
bahn-next.de,VT-Plattform (passiv)
bahn-online.com,Sonstige
bahn-online.de,P.DL
bahnplus.de,Fernverkehr
bahn-plus.de,Fernverkehr
bahnqr.de,Fernverkehr
bahn-radio.de,Sonstige
bahn-service.de,P.DL
bahnshop1435.net,Sonstige
bahntag.de,Sonstige
bahntaxi.de,Sonstige
bahn-taxi.de,Sonstige
bahntaxi.eu,Sonstige
bahnticketklima.de,DB Vertrieb
bahn-ticket-klima.de,DB Vertrieb
bahntickets.info,VT-Plattform (passiv)
bahntix.biz,P.DL
bahn-tix.biz,P.DL
bahntix.com,P.DL
bahn-tix.com,P.DL
bahntix.de,P.DL
bahn-tix.de,P.DL
bahntix.eu,P.DL
bahn-tix.eu,P.DL
bahntix.info,P.DL
bahn-tix.info,P.DL
bahntourismus.de,Sonstige
bahn-touristik.de,P.DL
bahntours.de,Sonstige
bahntours.eu,Sonstige
bahn-trip.com,Sonstige
bahn-trip.de,P.DL
bahn-umfrage.de,P.DL
bahnundkultur.de,P.DL
bahn-und-kultur.de,P.DL
bahnverbindung.de,VT-Plattform (passiv)
bajn.de,VT-Plattform (passiv)
bancard.biz,Fernverkehr
bancard.de,Fernverkehr
bancard.info,Fernverkehr
bc-100.de,Fernverkehr
belgiumonice.co.uk,Fernverkehr
belgium-on-ice.co.uk,Fernverkehr
betgiumonice.com,Fernverkehr
belgium-on-ice.com,Fernverkehr
berliner-s-bahn.de,Regio Schiene
besserpendeln.de,Sonstige
besser-pendeln.de,Sonstige
beta-bahn.de,VT-Plattform (passiv)
bhan.de,VT-Plattform (passiv)
bigbanner.de,Sonstige
blauerenzian.eu,Sonstige
boerdelandbahn.biz,Regio Schiene
boerdelandbahn.com,Regio Schiene
boerdelandbahn.de,Regio Schiene
boerdelandbahn.info,Regio Schiene
boerdelandbahn.net,Regio Schiene
boerdelandbahn.org,Regio Schiene
bonusbuch.de,Fernverkehr
bonus-buch.de,Fernverkehr
bot-bahn.de,P.DL
boxenstopp-hamburg.de,Fernverkehr
brsg.de,Sonstige
brs-meschede.de,Regio Bus
brusselsonice.co.uk,Fernverkehr
brussels-on-ice.co.uk,Fernverkehr
brusselsonice.com,Fernverkehr
brussels-on-ice.com,Fernverkehr
bsg-sicherheitsdienste.de,Sonstige
bundesbahn.de,Sonstige
businesstravelnavigator.biz,VT-Plattform (passiv)
business-travel-navigator.biz,VT-Plattform (passiv)
business travelnavigator.ch,VT-Plattform (passiv)
business-travel-navigator.ch,VT-Plattform (passiv)
businesstravelnavigator.com,VT-Plattform (passiv)
business-travel-navigator.com,VT-Plattform (passiv)
businesstravelnavigator.de,VT-Plattform (passiv)
businesstravelnavigator.info,VT-Plattform (passiv)
business-travel-navigator.info,VT-Plattform (passiv)
businesstravelnavigator.net,VT-Plattform (passiv)
business-travel-navigator.net,VT-Plattform (passiv)
businesstravelnavigator.org,VT-Plattform (passiv)
business-travel-navigator.org,VT-Plattform (passiv)
bus-schule.de,Regio Bus
busverkehr-bayern.de,Regio Bus
busverkehrhessen.de,Regio Bus
busverkehr-hessen.de,Regio Bus
busverkehr-ostwestfalen.de,Regio Bus
bvo-bustrips.de,Regio Bus
bvr-gmbh.de,Regio Bus
bvr-online.de,Regio Bus
casinocash.de,Sonstige
casino-cash.de,Sonstige
cdn-dbvbahn.de,VT-Plattform (passiv)
cdn-dbvbahn-tat.de,VT-Plattform (passiv)
chat-bahn.de,P.DL
chatbot-bahn.de,VT-Plattform (aktiv)
chemiebahn.de,Sonstige
chiemgaubahn.de,Regio Schiene
chiemgau-bahn.de,Regio Schiene
citaero.biz,Sonstige
citaero.com,Sonstige
citaero.de,Sonstige
citaero.info,Sonstige
citaero.net,Sonstige
citaero.org,Sonstige
citinightline.biz,Fernverkehr
citinightline.ch,Fernverkehr
citinightline.com,Fernverkehr
citinightline.de,Fernverkehr
citinightline.info,Fernverkehr
citinightline.net,Fernverkehr
citinightline.org,Fernverkehr
cityairportshuttle.biz,Sonstige
cityairportshuttle.de,Sonstige
cityairportshuttle.info,Sonstige
cityairportshuttle.net,Sonstige
cityairportshuttle.org,Sonstige
city-liner.eu,Sonstige
citynightline.be,Fernverkehr
citynightline.ch,Fernverkehr
citynightline.co.uk,Fernverkehr
citynightline.de,Fernverkehr
citynightline.fr,Fernverkehr
citynightline.it,Fernverkehr
citynightline.net,Fernverkehr
citynightline.org,Fernverkehr
citynightline-angebote.biz,Fernverkehr
citynightline-angebote.ch,Fernverkehr
citynightline-angebote.com,Fernverkehr
citynightline-angebote.de,Fernverkehr
citynightline-angebote.info,Fernverkehr
citynightline-angebote.net,Fernverkehr
citynightlineclub.ch,Fernverkehr
citynightline-club.ch,Fernverkehr
citynightline-lastminute.biz,Fernverkehr
citynightline-lastminute .ch,Fernverkehr
citynightline-iastminute.com,Fernverkehr
citynightline-lastminute.de,Fernverkehr
citynightline-lastminute.info,Fernverkehr
citynightline-lastminute.net,Fernverkehr
city-regio-bahn.eu,Regio Schiene
city-regio-express.eu,Regio Schiene
city-regio-shuttle.eu,Regio Schiene
city-regio-sprinter.eu,Regio Schiene
city-schaufenster.de,Sonstige
citysprinter.eu,Sonstige
city-sprinter.eu,Sonstige
climaticket.de,VT-Plattform (passiv)
clima-ticket.de,VT-Plattform (passiv)
cologne-by-rail.co.uk,Fernverkehr
cologneonice.co.uk,Fernverkehr
cologne-on-ice.co.uk,Fernverkehr
cologneonice.com,Fernverkehr
cologne-on-ice.com,Fernverkehr
comfort-bahn.de,Fernverkehr
comfort-status.de,Fernverkehr
corporatetravelplus.biz,Fernverkehr
corporate-travel-plus.biz,Fernverkehr
corporatetravelplus.ch,Fernverkehr
corporate-travel-plus.ch,Fernverkehr
corporatetravelplus.com,Fernverkehr
corporate-travel-plus.com,Fernverkehr
corporatetravelplus.de,Fernverkehr
corporate-travel-plus.de,Fernverkehr
corporatetravelplus.eu,Fernverkehr
corporate-travel-plus.eu,Fernverkehr
corporatetravelplus.info,Fernverkehr
corporate-travel-plus.info,Fernverkehr
corporatetravelplus.net,Fernverkehr
corporate-travel-plus.net,Fernverkehr
corporatetravelplus.org,Fernverkehr
corporate-travel-plus.org,Fernverkehr
dbabo.de,VT-Plattform (passiv)
dbagenturservice.de,P.DL
db-agenturservice.de,P.DL
dbahn.co.uk,Sonstige
dbahn.de,Sonstige
dbahs.de,Sonstige
db-ahs.de,Sonstige
dballround.de,Sonstige
db-auskunft.com,VT-Plattform (passiv)
dbautozug.eu,Fernverkehr
dbautozugsyltshuttle.eu,Fernverkehr
db-autozug-syltshuttle.eu,Fernverkehr
dbbahn.biz,Sonstige
db-bahn.biz,Sonstige
db-bahn.com,Sonstige
dbbahn.de,Sonstige
db-bahn.de,Sonstige
db-bahn.eu,Sonstige
db-bahn.info,Sonstige
dbbahn.net,Sonstige
db-bahn.net,Sonstige
dbbahn.org,Sonstige
db-bahn.org,Sonstige
db-bahn-auto.eu,Sonstige
db-bahnbau.com,Sonstige
db-bahnbau.de,Sonstige
dbbahncard.biz,Fernverkehr
db-bahncard.biz,Fernverkehr
db-bahn-card.biz,Sonstige
dbbahncard.de,Fernverkehr
db-bahncard.de,Fernverkehr
db-bahn-card.de,Fernverkehr
dbbahncard.eu,Fernverkehr
db-bahncard.eu,Fernverkehr
dbbahncard.info,Fernverkehr
db-bahncard.info,Fernverkehr
db-bahn-card.info,Fernverkehr
dbbahncomfort.biz,Fernverkehr
db-bahn-comfortbiz,Fernverkehr
dbbahncomfort.com,Fernverkehr
db-bahn-comfort.com,Fernverkehr
dbbahncomfort.de,Fernverkehr
db-bahn-comfort.de,Fernverkehr
dbbahncomfortinfo,Fernverkehr
db-bahn-comfort.info,Fernverkehr
dbbahnkomfort.biz,Fernverkehr
db-bahn-komfort.biz,Fernverkehr
dbbahnkomfort.com,Fernverkehr
db-bahn-komfort.com,Fernverkehr
dbbahnkomfort.de,Fernverkehr
db-bahn-komfort.de,Fernverkehr
dbbahnkomfort.info,Fernverkehr
db-bahn-komfort.info,Fernverkehr
dbbahntix.biz,P.DL
db-bahn-tix.biz,P.DL
dbbahntix.com,P.DL
db-bahn-tix.com,P.DL
dbbahntix.de,P.DL
db-bahn-tix.de,P.DL
dbbahntix.info,P.DL
db-bahn-tix.info,P.DL
db-bahn-touristik.de,Sonstige
dbbahnundauto.eu,Sonstige
db-belgie.be,Sonstige
db-belgique.be,Sonstige
db-benelux.be,Sonstige
db-benelux.com,VT-Plattform (passiv)
db-businesstravel.biz,Fernverkehr
db-businesstravel.com,Fernverkehr
db-businesstravel.de,Fernverkehr
db-businesstravel.eu,Fernverkehr
db-businesstravel.info,Fernverkehr
db-businesstravel.net,Fernverkehr
db-businesstravel.org,Fernverkehr
db-busverkehr-hessen.de,Regio Bus
dbcarda.eu,Fernverkehr
db-card-a.eu,Fernverkehr
db-cityscout.de,Sonstige
dbcomfort.de,Fernverkehr
dbcomfortliegewagen.eu,Fernverkehr
db-comfortliegewagen.eu,Fernverkehr
db-dialog.com,DB Vertrieb
dbdiebahn.biz,Sonstige
db-die-bahn.biz,Sonstige
dbdiebahn.de,Sonstige
db-die-bahn.de,Sonstige
dbdiebahn.info,Fernverkehr
db-die-bahn.info,Fernverkehr
db-exposcout.com,Sonstige
dbexposcout.de,Sonstige
dbexpo-scout.de,Sonstige
db-exposcout.de,Sonstige
db-expo-scout.de,Sonstige
dbfahrkarte.biz,VT-Plattform (passiv)
db-fahrkarte.biz,VT-Plattform (passiv)
dbfahrkarte.de,VT-Plattform (passiv)
db-fahrkarte.de,VT-Plattform (passiv)
dbfahrkarte.info,VT-Plattform (passiv)
db-fahrkarte.info,VT-Plattform (passiv)
dbfahrkarten.biz,VT-Plattform (passiv)
db-fahrkarten.biz,VT-Plattform (passiv)
dbfahrkarten.de,VT-Plattform (passiv)
db-fahrkarten.de,VT-Plattform (passiv)
dbfahrkarten.info,VT-Plattform (passiv)
db-fahrkarten.info,VT-Plattform (passiv)
dbfahrplan.de,VT-Plattform (passiv)
db-fahrplan.de,VT-Plattform (passiv)
db-fanbahncard.de,Fernverkehr
db-fernverkehr.com,Fernverkehr
db-fernverkehr-ag.de,Fernverkehr
db-france.fr,VT-Plattform (passiv)
db-ftz.de,Sonstige
dbgepaeckservice-bahn.de,VT-Plattform (passiv)
db-greatbritain.co.uk,Sonstige
dbicbus.com,Fernverkehr
dbice.co.uk,Fernverkehr
dbicesprinter.eu,Fernverkehr
db-idee.de,Sonstige
dbintercity.de,Fernverkehr
db-intercity.de,Fernverkehr
dbintercity.eu,Fernverkehr
dbinterregio.eu,Regio Schiene
db-italia.com,Sonstige
dbitalia.eu,Sonstige
db-italia.eu,Sonstige
dbitalia.it,VT-Plattform (passiv)
db-klassenfahrt.de,P.DL
db-lernwelt.com,Sonstige
db-lernwelt.de,Sonstige
db-lernwelt-registrierung.de,P.DL
db-lidl-ticket.de,Fernverkehr
db-m.de,Sonstige
dbm.info,Sonstige
dbmarktstand.de,Sonstige
db-marktstand.de,Sonstige
dbmedibus.de,Regio Bus
db-medibus.de,Regio Bus
dbmedien.de,Sonstige
dbmobilitaetskarte.eu,Fernverkehr
dbmobilitybahncard.eu,Fernverkehr
dbnachtzug.eu,Fernverkehr
db-navigator.de,VT-Plattform (passiv)
dbnavigator.eu,VT-Plattform (passiv)
db-navigator.eu,VT-Plattform (passiv)
dbnavigator.info,VT-Plattform (passiv)
db-navigator.info,VT-Plattform (passiv)
db-navigator.net,VT-Plattform (passiv)
dbnavigator.org,VT-Plattform (passiv)
db-navigator.org,VT-Plattform (passiv)
db-nederland.nl,VT-Plattform (passiv)
dbnetzcard.eu,Sonstige
db-netzcard.eu,Sonstige
dbnetzcardfirst.eu,Sonstige
db-netzcardfirst.eu,Sonstige
dbnrway.de,Regio Bus
db-oresund.se,Fernverkehr
dbparkservice.de,Sonstige
db-parkservice.de,Sonstige
db-pb.de,Sonstige
db-pb.net,Sonstige
db-personenverkehr.de,Sonstige
dbpluspunkt.de,Fernverkehr
db-pluspunkt.de,Fernverkehr
dbpluspunkt.eu,Fernverkehr
dbportal.de,Sonstige
db-portal.de,Sonstige
db-railclient.com,P.DL
db-railclient.de,P.DL
db-railclient.eu,P.DL
dbrailguide.biz,P.DL
db-railguide.biz,P.DL
dbrailguide.com,P.DL
db-railguide.com,VT-Plattform (passiv)
dbrailguide.de,P.DL
db-railguide.de,P.DL
dbrailguide.info,P.DL
db-railguide.info,P.DL
dbrailguide.net,P.DL
db-railguide.net,P.DL
dbrailguide.org,P.DL
db-railguide.org,P.DL
db-railmate.de,Fernverkehr
dbrailnavigator.com,VT-Plattform (passiv)
dbrail-navigator.com,VT-Plattform (passiv)
db-railnavigator.com,VT-Plattform (passiv)
db-rail-navigator.com,VT-Plattform (passiv)
dbrailnavigator.de,VT-Plattform (passiv)
dbrail-navigator.de,VT-Plattform (passiv)
db-railnavigator.de,VT-Plattform (passiv)
db-rail-navigator.de,VT-Plattform (passiv)
dbrailnavigator.eu,VT-Plattform (passiv)
dbrail-navigator.eu,VT-Plattform (passiv)
db-railnavigator.eu,VT-Plattform (passiv)
db-rail-navigator.eu,VT-Plattform (passiv)
dbrailnavigator.info,VT-Plattform (passiv)
dbrail-navigator.info,VT-Plattform (passiv)
db-railnavigator.info,VT-Plattform (passiv)
db-rail-navigator.info,VT-Plattform (passiv)
dbrailnavigator.net,VT-Plattform (passiv)
dbrail-navigator.net,VT-Plattform (passiv)
db-railnavigator.net,VT-Plattform (passiv)
db-rail-navigator.net,VT-Plattform (passiv)
dbrailnavigator.org,VT-Plattform (passiv)
dbrail-navigator.org,VT-Plattform (passiv)
db-railnavigator.org,VT-Plattform (passiv)
db-rail-navigator.org,VT-Plattform (passiv)
db-ran.de,Sonstige
dbregio.com,Regio Schiene
db-regio.com,Regio Schiene
dbregio.de,Regio Schiene
db-regio.de,Regio Schiene
dbregio.eu,Regio Schiene
dbregio.se,Regio Schiene
db-regio.se,Regio Schiene
db-regio-bayern.de,Regio Schiene
dbregio-berlin-brandenburg.de,Regio Schiene
dbregiobusbawue.de,Regio Schiene
dbregiobus-bawue.de,Regio Bus
db-regiobus-bawue.de,Regio Schiene
dbregiobus-bayern.de,Regio Bus
db-regiobus-bayern.de,Regio Schiene
dbregiobusmitte.de,Regio Bus
db-regiobus-mitte.de,Regio Schiene
dbregiobusnord.de,Regio Bus
dbregiobus-nord.de,Regio Bus
db-regiobus-nord.de,Regio Bus
dbregiobusnrw.de,Regio Bus
dbregiobus-nvw.de,Regio Bus
db-regiobus-nrw.de,Regio Bus
db-regio-bus-nrw.de,Regio Bus
dbregiobusost.de,Regio Bus
dbregiobus-ost.de,Regio Bus
db-regiobus-ost.de,Regio Schiene
dbregio-mecklenburg-vorpommern.de,Regio Schiene
db-regio-mecklenburg-vorpommern.de,Regio Schiene
dbregionetz.de,Regio Schiene
db-regionetz.de,Regio Schiene
db-regio-netz.de,Regio Schiene
dbregio-sh.de,Regio Schiene
dbregio-shop.de,DB Vertrieb
dbregio-suedost.com,Regio Schiene
db-regio-suedost.com,Regio Schiene
dbregio-suedost.de,Regio Schiene
db-regio-suedost.de,Regio Schiene
dbregio-suedost.info,Regio Schiene
db-regio-suedost.info,Regio Schiene
dbregio-suedost.net,Regio Schiene
db-regio-suedost.net,Regio Schiene
db-reiseauskunft.com,VT-Plattform (passiv)
dbreisebuero.de,P.DL
db-reisebuero.de,DB Vertrieb
dbreisebuero.eu,DB Vertrieb
db-reisebuero.eu,DB Vertrieb
db-reisebuero-muenchen.de,DB Vertrieb
dbreisecenter.biz,DB Vertrieb
db-reisecenter.biz,DB Vertrieb
dbreisecenter.ch,DB Vertrieb
db-reisecenter.ch,DB Vertrieb
dbreisecenter.com,DB Vertrieb
db-reisecenter.com,DB Vertrieb
dbreisecenter.de,DB Vertrieb
dbreisecenter.eu,DB Vertrieb
db-reisecenter.eu,DB Vertrieb
dbreisecenter.info,DB Vertrieb
dbreisecenter.mobi,DB Vertrieb
db-reisecenter.mobi,DB Vertrieb
dbreisecenter.net,DB Vertrieb
db-reisecenter.net,DB Vertrieb
dbreisecenter.org,DB Vertrieb
db-reisecenter.org,DB Vertrieb
dbreiseservice.eu,Fernverkehr
db-reiseservice.eu,Fernverkehr
db-reise-touristik.de,Fernverkehr
db-reise-touristik.eu,Fernverkehr
db-reise-und-touristik.de,Fernverkehr
db-reiseundtouristik.eu,Fernverkehr
db-reisewunschzettel.de,VT-Plattform (passiv)
dbreisezentrum.de,DB Vertrieb
db-reisezentrum.de,DB Vertrieb
dbreisezentrum.eu,DB Vertrieb
db-reisezentrum.eu,DB Vertrieb
db-rn.com,Regio Schiene
dbrn.de,Sonstige
db-rn.de,Sonstige
db-rn.eu,Regio Schiene
db-rn.info,Regio Schiene
db-rn.net,Regio Schiene
dbrn.org,Regio Schiene
db-rn.org,Regio Schiene
db-schwarzwaldbahn.de,Regio Schiene
db-schweiz.ch,Sonstige
db-scout.de,Sonstige
dbscout.eu,Sonstige
db-scout.eu,Sonstige
db-seehas.de,Regio Schiene
dbserviceinsel.de,Sonstige
db-serviceinsel.de,Sonstige
db-servicestore.eu,Sonstige
db-shop.com,VT-Plattform (passiv)
db-snapbus.com,Regio Bus
db-snapbus.com,Regio Bus
dbsnapbus.de,Regio Bus
dbsnapbus.de,Regio Bus
db-snapbus.de,Regio Bus
db-snapbus.de,Regio Bus
dbsnpabus.com,Regio Bus
dbsnpabus.com,Regio Bus
db-solutions.eu,Sonstige
dbstreckenagent.de,Regio Schiene
db-streckenagent.de,Regio Schiene
db-sverige.se,VT-Plattform (passiv)
db-swiss.ch,Sonstige
dbt4u.de,Sonstige
dbtelefonbuch.de,Sonstige
db-ticket.com,P.DL
dbtouristik.de,P.DL
db-touristik.de,P.DL
dbtrain.co.uk,Sonstige
dbtrains.co.uk,Sonstige
dbtravel.de,Sonstige
dbuk.co.uk,Sonstige
db-uk.co.uk,VT-Plattform (passiv)
dbumweltfahrplan.de,VT-Plattform (passiv)
db-umweltfahrplan.de,VT-Plattform (passiv)
dbvertrieb.com,DB Vertrieb
db-vertrieb.com,DB Vertrieb
dbvertrieb.info,DB Vertrieb
db-vertrieb.info,DB Vertrieb
dbvertrieb.net,DB Vertrieb
db-vertrieb.net,DB Vertrieb
dbvertrieb.org,DB Vertrieb
db-vertrieb.org,DB Vertrieb
dbzugbus.biz,Regio Bus
db-zugbus.biz,Regio Bus
db-zug-bus.biz,Regio Bus
dbzugbus.de,Regio Bus
db-zugbus.de,Regio Bus
db-zug-bus.de,Regio Bus
dbzugbus.eu,Regio Bus
db-zugbus.eu,Regio Bus
dbzugbus.info,Regio Bus
db-zugbus.info,Regio Bus
db-zug-bus.info,Regio Bus
dcmedien.de,Sonstige
dc-medien.de,Sonstige
deiner-ticket.de,Sonstige
dergeithainer.de,Regio Schiene
der-geithainer.de,Regio Schiene
dergeitheiner.de,Regio Schiene
der-geitheiner.de,Regio Schiene
design-bahn.de,Sonstige
deutschebahn.ch,Sonstige
deutsche-bahn.co.uk,Sonstige
deutschebahn.it,Sonstige
deutschebahn-agentur.de,P.DL
deutsche-bahn-agentur.de,P.DL
deutsche-bahn-db.de,Sonstige
deutschebahndb.info,Sonstige
deutsche-bahn-db.info,Sonstige
deutschebahn-direkt.de,VT-Plattform (passiv)
deutsche-bahn-direkt.de,VT-Plattform (passiv)
deutschebahn-partner.de,P.DL
deutsche-bahn-partner.de,P.DL
deutschebahn-preise.de,Sonstige
deutsche-bahn-preise.de,Sonstige
deutschecitymedien.de,Sonstige
deutschecity-medien.de,Sonstige
deutsche-citymedien.de,Sonstige
deutsche-city-medien.de,Sonstige
deutschlandjobticket.de,DB Vertrieb
deutschland-jobticket.de,DB Vertrieb
deutschlandticket-jobticket.de,DB Vertrieb
diebahn.biz,Sonstige
die-bahn.biz,Sonstige
diebahn.com,Sonstige
die-bahn.com,Sonstige
diebahn.de,Sonstige
die-bahn.de,Sonstige
diebahn.eu,Sonstige
die-bahn.eu,Sonstige
diebahn.info,Sonstige
die-bahn.info,Sonstige
diebahn.net,Sonstige
die-bahn.net,Sonstige
die-bahn-ag.de,Sonstige
die-bahn-baut-fuer-baden-wuerttemberg.de,Sonstige
die-bahncard.biz,Fernverkehr
die-bahncard.com,Fernverkehr
die-bahncard.de,Fernverkehr
die-bahncard.info,Fernverkehr
die-bahncard.net,Fernverkehr
die-bahncard.org,Fernverkehr
diebahndb.biz,Sonstige
diebahndb.de,Sonstige
diebahndb.eu,Sonstige
diebahndb.info,Sonstige
die-bahn-db.info,Sonstige
die-bahn-kommt.de,Sonstige
diebahnmachtmobil.de,Sonstige
die-bahn-macht-mobil.de,Sonstige
diebahnmachtmobil.eu,Sonstige
die-bahn-macht-mobil.eu,Sonstige
die-bembel.de,Regio Schiene
dithmarschenbus.de,Regio Bus
dlandticket.de,DB Vertrieb
donauisarexpress.de,Regio Schiene
donau-isar-express.de,Regio Schiene
donau-sprinter.de,Regio Schiene
driversity.de,P.DL
drivesity.de,P.DL
d-zug.de,Fernverkehr
d-zug.eu,Fernverkehr
eco-train.de,Regio Schiene
eco-transit.de,Sonstige
ecreisen.biz,Fernverkehr
ec-reisen.biz,Fernverkehr
ecreisen.com,Fernverkehr
ecreisen.de,Fernverkehr
ecreisen.info,Fernverkehr
ec-reisen.info,Fernverkehr
ecreisen.net,Fernverkehr
ecreisen.org,Fernverkehr
ec-reisen.org,Fernverkehr
einkauf-bahn.de,Sonstige
elbebahn.biz,Regio Schiene
elbebahn.com,Regio Schiene
elbebahn.de,Regio Schiene
elbebahn.info,Regio Schiene
elbebahn.net,Regio Schiene
elbebahn.org,Regio Schiene
elbe-sprinter.de,Regio Schiene
emsexpress.de,Regio Schiene
ems-express.de,Regio Schiene
energiq.com,Sonstige
energiq.de,Sonstige
e-rail.de,Sonstige
erdbeershuttle.de,Regio Bus
erdgaslok.de,Sonstige
ertms.de,Sonstige
erzgebirgsbahn.de,Regio Schiene
eslots.de,Sonstige
e-slots.de,Sonstige
eurocity.de,Fernverkehr
euro-city.de,Fernverkehr
eurocity.eu,Fernverkehr
eurocityreisen.biz,Fernverkehr
eurocity-reisen.biz,Fernverkehr
eurocityreisen.com,Fernverkehr
eurocity-reisen.com,Fernverkehr
eurocityreisen.de,Fernverkehr
eurocity-reisen.de,Fernverkehr
eurocityreisen.info,Fernverkehr
eurocity-reisen.info,Fernverkehr
eurocityreisen.net,Fernverkehr
eurocity-reisen.net,Fernverkehr
eurocityreisen.org,Fernverkehr
eurocity-reisen.org,Fernverkehr
euroice.co.uk,Fernverkehr
europa-spezial.eu,Fernverkehr
europeonice.co.uk,Fernverkehr
europe-on-ice.co.uk,Fernverkehr
europe-on-ice.com,Fernverkehr
exposcout.com,Sonstige
exposcout.de,Sonstige
expo-scout.de,Sonstige
fahrgastrechte.eu,Fernverkehr
fahrkartenbuchung.de,VT-Plattform (passiv)
fahrkartenshop2-bahn.de,VT-Plattform (passiv)
fahrplanauskunft.de,VT-Plattform (passiv)
fahrplan-information.de,VT-Plattform (passiv)
fahrplanuebersicht.de,VT-Plattform (passiv)
fahrplan-uebersicht.de,VT-Plattform (passiv)
fahrtzielnatur.biz,Fernverkehr
fahrtziel-natur.biz,Fernverkehr
fahrtzielnatur.ch,Fernverkehr
fahrtziel-natur.ch,Fernverkehr
fahrtzielnatur.com,Fernverkehr
fahrtziel-natur.com,Fernverkehr
fahrtziel-natur.de,Fernverkehr
fahrtzielnatur.info,Fernverkehr
fahrtziel-natur.info,Fernverkehr
fahrtzielnatur.net,Fernverkehr
fahrtziel-natur.net,Fernverkehr
fahrtzielnatur.org,Fernverkehr
fahrtziel-natur.org,Fernverkehr
fahrzielnatur.biz,Fernverkehr
fahrziel-natur.biz,Fernverkehr
fahrzielnatur.ch,Fernverkehr
fahrziel-natur.ch,Fernverkehr
fahrzielnatur.com,Fernverkehr
fahrziel-natur.com,Fernverkehr
fahrziel-natur.de,Fernverkehr
fahrzielnatur.info,Fernverkehr
fahrziel-natur.info,Fernverkehr
fahrzielnatur.net,Fernverkehr
fahrziel-natur.net,Fernverkehr
fahrzielnatur.org,Fernverkehr
fahrziel-natur.org,Fernverkehr
ferienticketbayern.de,Regio Schiene
ferienticket-bayern.de,Regio Schiene
ferroviatedesca.com,Fernverkehr
ferrovia-tedesca.com,Fernverkehr
ferroviatedesca-italia.it,Fernverkehr
ferrovietedesche-italia.it,Fernverkehr
filzenexpress.de,Regio Schiene
firmendeutschlandticket.de,DB Vertrieb
floehatal-bahn.de,Regio Schiene
flughafen-sprinter.de,Sonstige
flughafen-sprinter.eu,Sonstige
flug-ticket.com,Sonstige
flug-ticket.net,Sonstige
forumbahnhof.de,Sonstige
frankenbahn.info,Regio Schiene
frankenexpress.info,Regio Schiene
franken-express.info,Regio Schiene
frankensachsenexpress.de,Regio Schiene
franken-sachsen-express.de,Regio Schiene
franken-thueringen-express.de,Regio Schiene
frankfurtonice.co.uk,Fernverkehr
frankfurt-on-ice.co.uk,Fernverkehr
frankfurtonice.com,Fernverkehr
frankfurt-on-ice.com,Fernverkehr
freefloat.de,Sonstige
freefloat-rail.com,Sonstige
freefloat-rail.de,Sonstige
freizeitbusborken.de,Regio Bus
freizeitbus-f2.de,Regio Bus
freizeitbus-f3.de,Regio Bus
friedorado.de,Sonstige
fuggerbahn.de,Regio Schiene
fugger-bahn.de,Regio Schiene
fuggerexpress.de,Regio Schiene
fugger-express.de,Regio Schiene
funtrain.de,Sonstige
gaeubodenbahn.de,Regio Schiene
garmischerskiticket.de,Regio Schiene
gauebodenbahn.de,Regio Schiene
geburtstagsbaeckerei.de,Sonstige
geburtstagspunkte.de,Sonstige
gepaeck-bahn.de,VT-Plattform (passiv)
gepaeckservice-bahn.de,VT-Plattform (aktiv)
germanicetrain.com,Fernverkehr
german-icetrain.com,Fernverkehr
gennan-ice-train.com,Fernverkehr
germanrail.de,Sonstige
german-railway.de,Sonstige
gennantrains.co.uk,Sonstige
gennanyonice.co.uk,Fernverkehr
germany-on-ice.co.uk,Fernverkehr
germany-on-ice.com,Fernverkehr
geschaeftsreise-service.biz,Fernverkehr
geschaeftsreise-service.ch,Fernverkehr
geschaeftsreise-service.com,Fernverkehr
geschaeftsreise-service.de,Fernverkehr
geschaeftsreise-service.eu,Fernverkehr
geschaeftsreise-service.info,Fernverkehr
geschaeftsreise-service.net,Fernverkehr
geschaeftsreise-service.org,Fernverkehr
geschenketicket.de,Fernverkehr
gueterbahnhoefe.de,Sonstige
gutenabendticket.biz,Fernverkehr
guten-abend-ticket.biz,Fernverkehr
gutenabendticket.info,Fernverkehr
guten-abend-ticket.info,Fernverkehr
gutenachtticket.biz,Fernverkehr
gute-nacht-ticket.biz,Fernverkehr
gute-nacht-ticket.eu,Fernverkehr
gutenachtticket.info,Fernverkehr
gute-nacht-ticket.info,Fernverkehr
haardachse.de,Regio Schiene
haard-achse.de,Regio Schiene
haardbahn.de,Regio Schiene
haardexpress.de,Regio Schiene
handyticket-avv.de,DB Vertrieb
handyticket-hvv.de,DB Vertrieb
handyticket-mdv.de,DB Vertrieb
handyticket-mvv.de,DB Vertrieb
handyticket-rnw.de,DB Vertrieb
handyticket-rmv.de,DB Vertrieb
handyticket-vbb.de,DB Vertrieb
handyticket-vbn.de,DB Vertrieb
handyticket-vgm.de,DB Vertrieb
handyticket-vgn.de,DB Vertrieb
handyticket-vrm.de,DB Vertrieb
handyticket-vrn.de,DB Vertrieb
handyticket-vrr.de,DB Vertrieb
handyticket-vrs.de,DB Vertrieb
handyticket-vvo.de,DB Vertrieb
handyticket-vvs.de,DB Vertrieb
hansexpress.de,Regio Schiene
hanse-xpress.de,Regio Schiene
harzbahn.biz,Regio Schiene
harzbahn.com,Regio Schiene
harzbahn.net,Regio Schiene
harzbahn.org,Regio Schiene
harzerregionalbahn.biz,Regio Schiene
harzer-regionalbahn.biz,Regio Schiene
harzerregionalbahn.com,Regio Schiene
harzer-regionalbahn.com,Regio Schiene
harzerregionalbahn.de,Regio Schiene
harzer-regionalbahn.de,Regio Schiene
harzerregionalbahn.info,Regio Schiene
harzer-regionalbahn.info,Regio Schiene
harzerregionalbahn.net,Regio Schiene
harzer-regionalbahn.net,Regio Schiene
harzerregionalbahn.org,Regio Schiene
harzer-regionalbahn.org,Regio Schiene
harznetzeisenbahn.biz,Regio Schiene
harznetz-eisenbahn.biz,Regio Schiene
harznetzeisenbahn.com,Regio Schiene
harznetz-eisenbahn.com,Regio Schiene
harznetzeisenbahn.de,Regio Schiene
harznetz-eisenbahn.de,Regio Schiene
harznetzeisenbahn.info,Regio Schiene
harznetz-eisenbahn.info,Regio Schiene
harznetzeisenbahn.net,Regio Schiene
harznetz-eisenbahn.net,Regio Schiene
harznetzeisenbahn.org,Regio Schiene
harznetz-eisenbahn.org,Regio Schiene
heiderstadtverkehr.de,Regio Bus
hellwegnetz.com,Regio Schiene
hellweg-netz.com,Regio Schiene
hellweg-netz.de,Regio Schiene
hellwegnetz.info,Regio Schiene
heltweg-netz.info,Regio Schiene
hellwegnetz.net,Regio Schiene
hellweg-netz.net,Regio Schiene
highspeed-rail.co.uk,Fernverkehr
hinterland-traffic.de,Sonstige
holland-by-rail.co.uk,Fernverkehr
hollandonice.co.uk,Fernverkehr
holland-on-ice.co.uk,Fernverkehr
hollandonice.com,Fernverkehr
holland-on-ice.com,Fernverkehr
hollandrail.co.uk,Sonstige
hopper-ticket.de,Regio Schiene
hopperticket.eu,Regio Schiene
hotelangebote-bahn.de,P.DL
hvv-handyticket.de,DB Vertrieb
icbus.be,Fernverkehr
ic-bus.be,Fernverkehr
icbus.ch,Fernverkehr
ic-bus.ch,Fernverkehr
icbus.co.uk,Fernverkehr
ic-bus.co.uk,Fernverkehr
icbus.de,Fernverkehr
ic-bus.de,Fernverkehr
icbus.es,Fernverkehr
ic-bus.es,Fernverkehr
icbus.eu,Fernverkehr
ic-bus.eu,Fernverkehr
icbus.fr,Fernverkehr
ic-bus.fr,Fernverkehr
icbus.it,Fernverkehr
ic-bus.it,Fernverkehr
icbus.nl,Fernverkehr
ic-bus.nl,Fernverkehr
icbus.se,Fernverkehr
ic-bus.se,Fernverkehr
ice.de,Fernverkehr
ice-3.de,Fernverkehr
ice-abstellanlage.de,Fernverkehr
ice-abstellanlage-hamburg.de,Fernverkehr
ice-abstellanlagen.de,Fernverkehr
ice-abstellanlagen-hamburg.de,Fernverkehr
ice-abstellungen.de,Fernverkehr
ice-abstellungen-hamburg.de,Fernverkehr
icedb.co.uk,Fernverkehr
iceeurope.co.uk,Fernverkehr
ice-europe.co.uk,Fernverkehr
ice-info.de,Fernverkehr
iceinternational.de,Fernverkehr
ice-international.de,Fernverkehr
iceinternational.eu,Fernverkehr
ice-international.eu,Fernverkehr
icereisen.biz,Fernverkehr
ice-reisen.biz,Fernverkehr
icereisen.com,Fernverkehr
ice-reisen.com,Fernverkehr
icereisen.de,Fernverkehr
ice-reisen.de,Fernverkehr
icereisen.info,Fernverkehr
ice-reisen.info,Fernverkehr
icereisen.net,Fernverkehr
ice-reisen.net,Fernverkehr
icereisen.org,Fernverkehr
ice-reisen.org,Fernverkehr
icesprinter.biz,Fernverkehr
ice-sprinter.biz,Fernverkehr
icesprinter.de,Fernverkehr
ice-sprinter.de,Fernverkehr
ice-sprinter.eu,Fernverkehr
icesprinter.info,Fernverkehr
ice-sprinter.info,Fernverkehr
icestrecke.de,Fernverkehr
ice-t.eu,Fernverkehr
ice-td.eu,Fernverkehr
icetrain.co.uk,Fernverkehr
ice-train.co.uk,Fernverkehr
ice-train.com,Fernverkehr
iceurope.co.uk,Fernverkehr
ice-werk-2030plus.de,Fernverkehr
ice-werk-2030plus-bb.de,Fernverkehr
ice-werk-bb.de,Fernverkehr
ice-werk-berlin-brandenburg.de,Fernverkehr
ic-hotel.de,Fernverkehr
ic-kurierdienst.biz,Fernverkehr
ic-kurierdienst.de,Fernverkehr
ickurierdienst.eu,Fernverkehr
ic-kurierdienst.info,Fernverkehr
icreisen.biz,Fernverkehr
ic-reisen.biz,Fernverkehr
icreisen.com,Fernverkehr
ic-reisen.com,Fernverkehr
icreisen.de,Fernverkehr
ic-reisen.de,Fernverkehr
icreisen.info,Fernverkehr
ic-reisen.info,Fernverkehr
icreisen.net,Fernverkehr
ic-reisen.net,Fernverkehr
icreisen.org,Fernverkehr
ic-reisen.org,Fernverkehr
icx.eu,Fernverkehr
id-bahn.de,VT-Plattform (passiv)
img-bahn.de,VT-Plattform (passiv)
img-bahn-bd.de,VT-Plattform (passiv)
img-bahn-tat.de,VT-Plattform (aktiv)
im-ice.com,Fernverkehr
imice.de,Fernverkehr
im-ice.de,Fernverkehr
im-ice.info,Fernverkehr
imice.net,Fernverkehr
im-ice.net,Fernverkehr
im-ice.org,Fernverkehr
imogdiesob.de,Regio Schiene
inforailway.de,Sonstige
inforiese.de,Sonstige
inforiesen.de,Sonstige
innsalzachbahn.de,Regio Schiene
inn-salzach-bahn.de,Regio Schiene
inntalbahn.de,Regio Schiene
inntal-bahn.de,Regio Schiene
int-bahn.de,VT-Plattform (passiv)
intercity.de,Fernverkehr
intercity.eu,Fernverkehr
intercity.info,Fernverkehr
intercitybus.be,Fernverkehr
intercitybus.ch,Fernverkehr
intercitybus.co.uk,Fernverkehr
intercitybus.es,Fernverkehr
intercitybus.fr,Fernverkehr
intercitybus.it,Fernverkehr
intercitybus.nl,Fernverkehr
intercitybus.se,Fernverkehr
intercityexpress.biz,Fernverkehr
intercity-express.co.uk,Fernverkehr
intercityexpress.de,Fernverkehr
intercityexpress.eu,Fernverkehr
intercityexpress.info,Fernverkehr
intercityexpressreisen.biz,Fernverkehr
intercityexpress-reisen.biz,Fernverkehr
intercityexpressreisen.com,Fernverkehr
intercityexpress-reisen.com,Fernverkehr
intercityexpressreisen.de,Fernverkehr
intercityexpress-reisen.de,Fernverkehr
intercityexpressreisen.info,Fernverkehr
intercityexpress-reisen.info,Fernverkehr
intercityexpressreisen.net,Fernverkehr
intercityexpress-reisen.net,Fernverkehr
intercityexpressreisen.org,Fernverkehr
intercityexpress-reisen.org,Fernverkehr
intercityline.eu,Fernverkehr
intercitymagazin.de,Fernverkehr
intercitynetz.de,Fernverkehr
intercitynight.biz,Fernverkehr
intercitynight.de,Fernverkehr
intercitynighteu,Fernverkehr
intercitynight.info,Fernverkehr
intercityreisen.biz,Fernverkehr
intercity-reisen.biz,Fernverkehr
intercityreisen.com,Fernverkehr
intercity-reisen.com,Fernverkehr
intercityreisen.de,Fernverkehr
intercity-reisen.de,Fernverkehr
intercityreisen.info,Fernverkehr
intercity-reisen.info,Fernverkehr
intercityreisen.net,Fernverkehr
intercity-reisen.net,Fernverkehr
intercityreisen.org,Fernverkehr
intercity-reisen.org,Fernverkehr
intercity-shop.de,Fernverkehr
intermodal-traffic.de,Sonstige
international-bahn.de,VT-Plattform (aktiv)
internightline.biz,Fernverkehr
internightline.de,Fernverkehr
internightiine.eu,Fernverkehr
internightline.info,Fernverkehr
interrail.de,P.DL
interregio.de,Regio Schiene
interregio.eu,Regio Schiene
interregioexpress.biz,Regio Schiene
inter-regio-express.biz,Regio Schiene
interregioexpress.de,Regio Schiene
inter-regio-express.de,Regio Schiene
interregioexpress.eu,Regio Schiene
interregioexpress.info,Regio Schiene
inter-regio-express.info,Regio Schiene
isarinntalexpress.de,Regio Schiene
isar-inntal-express.de,Regio Schiene
isarsalzachexpress.de,Regio Schiene
isar-sprinter.de,Regio Schiene
jazz-express.de,Fernverkehr
jobticketdeutschland.de,DB Vertrieb
kielius.de,Regio Bus
kielius-flughafenbus.de,Regio Bus
kinderkostenlos.biz,Fernverkehr
kinder-kostenlos.biz,Fernverkehr
kinderkostenlos.ch,Fernverkehr
kinder-kostenlos.ch,Fernverkehr
kinderkostenlos.com,Fernverkehr
kinder-kostenlos.com,Fernverkehr
kinderkostenlos.de,Fernverkehr
kinder-kostenlos.de,Fernverkehr
kinderkostenlos.info,Fernverkehr
kinder-kostenlos.info,Fernverkehr
kinderkostenlos.net,Fernverkehr
kinder-kostenlos.net,Fernverkehr
kinderkostenlos.org,Fernverkehr
kinder-kostenlos.org,Fernverkehr
klasse-unterwegs.de,P.DL
klima-bahn.de,VT-Plattform (passiv)
klimatcket.de,DB Vertrieb
klimaticketbahn.de,VT-Plattform (passiv)
klimaticketbahn.de,VT-Plattform (passiv)
klimaticket-bahn.de,VT-Plattform (passiv)
kneipp-lechfeld-bahn.de,Regio Schiene
kultur-bahn.de,Sonstige
kulturbahnhof.de,Sonstige
kulturimbahnhof.de,Sonstige
kultur-im-bahnhof.de,Sonstige
kultur-und-bahn.de,Sonstige
kundencenter-donau-isar-express.de,Regio Schiene
kurhessenbahn.de,Regio Schiene
kurhessen-bahn.de,Regio Schiene
kursbuch.de,Sonstige
kvportal.com,Sonstige
kv-portal.com,Sonstige
kvportal.net,Sonstige
kv-portal.net,Sonstige
kv-ubf.de,Sonstige
lahn-eifel-bahn.de,Regio Schiene
leipzigerbahn.biz,Regio Schiene
leipziger-bahn.biz,Regio Schiene
leipzigerbahn.com,Regio Schiene
leipziger-bahn.com,Regio Schiene
leipzigerbahn.de,Regio Schiene
leipziger-bahn.de,Regio Schiene
leipzigerbahn.info,Regio Schiene
leipziger-bahn.info,Regio Schiene
leipzigerbahn.net,Regio Schiene
leipziger-bahn.net,Regio Schiene
leipzigerbahn.org,Regio Schiene
leipziger-bahn.org,Regio Schiene
letrain.net,Sonstige
le-train.net,Sonstige
lilleonice.co.uk,Fernverkehr
lille-on-ice.co.uk,Fernverkehr
lilleonice.com,Fernverkehr
lille-on-ice.com,Fernverkehr
liniensternmuehldorf.de,Regio Schiene
linienstern-muehldorf.de,Regio Schiene
literatourbahnhof.de,Sonstige
literaturbahnhof.de,Sonstige
lokin-app.com,P.DL
lutherticket.de,Regio Schiene
luther-ticket.de,Regio Schiene
mach-nicht-alles-kaputt.de,Sonstige
mainfranken-bahn.de,Regio Schiene
mainfrankenexpress.de,Regio Schiene
mainfranken-express.de,Regio Schiene
main-sprinter.de,Regio Schiene
maps-bahn.de,VT-Plattform (passiv)
marego-ots.de,DB Vertrieb
mcontent-bahn.de,P.DL
mdv-handyticket.de,DB Vertrieb
mdv-hopperticket.de,DB Vertrieb
mdv-hopper-ticket.de,DB Vertrieb
megliointreno.it,Fernverkehr
mehrzeitfuerwesentiiches.de,Fernverkehr
meinebahn.de,VT-Plattform (passiv)
mein-sitzplatz.de,VT-Plattform (passiv)
mein-sitzplatz-regio.de,Regio Schiene
meinstreckenagent.de,Regio Schiene
mein-streckenagentde,Regio Schiene
mercado-ferrocarril.com,Fernverkehr
met.de,Fernverkehr
metropolitan.info,Fernverkehr
metropolitan-express-train.de,Fernverkehr
mitfahrersparpreis.com,Fernverkehr
mitfahrer-sparpreis.com,Fernverkehr
mitfahrersparpreis.de,Fernverkehr
mitfahrer-sparpreis.de,Fernverkehr
mitfahrersparpreis.eu,Fernverkehr
mitfahrer-sparpreis.eu,Fernverkehr
mitfahre rsparpreis.info,Fernverkehr
mitfahrer-sparpreis.info,Fernverkehr
mitfahrersparpreis.net,Fernverkehr
mitfahrer-sparpreis.net,Fernverkehr
mitfahrersparpreis.org,Fernverkehr
mitfahrer-sparpreis.org,Fernverkehr
mitropa.biz,Fernverkehr
mitropa.fr,Fernverkehr
mitropa.info,Fernverkehr
mitropa.net,Fernverkehr
mitropa.org,Fernverkehr
mitteldeutschlandverbindung.biz,Regio Schiene
mittel-deutschland-verbindung.biz,Regio Schiene
mitteldeutschlandverbindung.com,Regio Schiene
mittel-deutschland-verbindung.com,Regio Schiene
mitteldeutschlandverbindung.de,Regio Schiene
mittel-deutschland-verbindung.de,Regio Schiene
mitteldeutschlandverbindung.info,Regio Schiene
mittel-deutschland-verbindung.info,Regio Schiene
mitteldeutschlandverbindung.net,Regio Schiene
mittel-deutschland-verbindung.net,Regio Schiene
mitteldeutschlandverbindung.org,Regio Schiene
mittel-deutschland-verbindung.org,Regio Schiene
mittelrheinbahn.biz,Regio Schiene
mittelrhein-bahn.biz,Regio Schiene
mittel-rheinbahn.biz,Regio Schiene
mittel-rhein-bahn.biz,Regio Schiene
mittelrheinbahn.com,Regio Schiene
mittelrhein-bahn.com,Regio Schiene
mittel-rheinbahn.com,Regio Schiene
mittel-rhein-bahn.com,Regio Schiene
mittel-rheinbahn.de,Regio Schiene
mittelrheinbahn.info,Regio Schiene
mittelrhein-bahn.info,Regio Schiene
mittel-rheinbahn.info,Regio Schiene
mittel-rhein-bahn.info,Regio Schiene
mittelrheinbahn.net,Regio Schiene
mittelrhein-bahn.net,Regio Schiene
mittel-rheinbahn.net,Regio Schiene
mittel-rhein-bahn.net,Regio Schiene
mittelrheinbahn.org,Regio Schiene
mittelrhein-bahn.org,Regio Schiene
mittel-rheinbahn.org,Regio Schiene
mittel-rhein-bahn.org,Regio Schiene
mobileservices-bahn.de,VT-Plattform (passiv)
mobilitaetscard.biz,Fernverkehr
mobilitaets-card.biz,Fernverkehr
mobilitaetscard.com,Fernverkehr
mobilitaets-card.com,Fernverkehr
mobilitaetscard.de,Fernverkehr
mobilitaets-card.de,Fernverkehr
mobilitaetscard.info,Fernverkehr
mobilitaets-card.info,Fernverkehr
mobilitaetscard.net,Fernverkehr
mobilitaets-card.net,Fernverkehr
mobilitaetscard.org,Fernverkehr
mobilitaets-card.org,Fernverkehr
mobilitaetskarte.biz,Fernverkehr
mobilitaets-karte.biz,Fernverkehr
mobilitaetskarte.com,Fernverkehr
mobilitaets-karte.com,Fernverkehr
mobilitaetskarte.info,Fernverkehr
mobilitaets-karte.info,Fernverkehr
mobilitaetskarte.net,Fernverkehr
mobilitaets-karte.net,Fernverkehr
mobilitaetskarte.org,Fernverkehr
mobilitaets-karte.org,Fernverkehr
mobility.info,Sonstige
moseltalbahn.de,Regio Schiene
moseltal-bahn.de,Regio Schiene
mueglitzbahn.biz,Regio Schiene
mueglitzbahn.com,Regio Schiene
mueglitzbahn.de,Regio Schiene
mueglitzbahn.info,Regio Schiene
mueglitzbahn.net,Regio Schiene
mueglitzbahn.org,Regio Schiene
muehldorferlinienstern.de,Regio Schiene
muehldorfer-linienstern.de,Regio Schiene
muehldorferstern.de,Regio Schiene
muehldorfer-stern.de,Regio Schiene
muenchennuernbergexpress.de,Regio Schiene
muenchen-nuernberg-express.de,Regio Schiene
muenchen-onlineticket.de,DB Vertrieb
muenchen-salzburg-express.de,Regio Schiene
muenchenulmexpress.de,Regio Schiene
muenchen-ulm-express.de,Regio Schiene
my-bahn.com,VT-Plattform (passiv)
my-bahn.de,VT-Plattform (passiv)
mydbt.de,Sonstige
nachtzugreise.biz,Fernverkehr
nachtzugreise.eu,Fernverkehr
nachtzugreise.it,Fernverkehr
nachtzugreise.mobi,Fernverkehr
nachtzugreise.org,Fernverkehr
netherlands-by-rail.co.uk,Fernverkehr
netherlandsonice.co.uk,Fernverkehr
netherlands-on-ice.co.uk,Fernverkehr
netherlandsonice.com,Fernverkehr
netherlands-on-ice.com,Fernverkehr
netherlandsrail.co.uk,Fernverkehr
netsourcing-db.com,Sonstige
netsourcing-db.de,Sonstige
netzcard.biz,Sonstige
netz-card.biz,Sonstige
netzcard.de,Sonstige
netz-card.de,Sonstige
netzcard.eu,Sonstige
netzcard.info,Sonstige
netz-card.info,Sonstige
netz-westliches-muensterland.de,Regio Schiene
netz-westliches-muensterland.eu,Regio Schiene
new-comfort.de,Fernverkehr
newcomfort.eu,Fernverkehr
next-bahn.de,VT-Plattform (passiv)
nordthueringenbahn.de,Regio Schiene
nordthueringen-bahn.de,Regio Schiene
nrway.de,Regio Bus
nrw-handyticket.de,DB Vertrieb
nrwtarif.biz,Regio Schiene
nrw-tarif.biz,Regio Schiene
nrwtarif.com,Regio Schiene
nrw-tarif.com,Regio Schiene
nrwtarif.de,Regio Schiene
nrw-tarif.de,Regio Schiene
nrwtarif.info,Regio Schiene
nrw-tarif.info,Regio Schiene
nrwtarif.net,Regio Schiene
nrw-tarif.net,Regio Schiene
nrwtarif.org,Regio Schiene
nrw-tarif.org,Regio Schiene
obenweissbacherbergbahn.com,Regio Schiene
obenweissbacherbergbahn.de,Regio Schiene
obenweissbacher-bergbahn.de,Regio Schiene
oberweissbacherbergbahn.info,Regio Schiene
oberweissbacherbergbahn.net,Regio Schiene
oberweissbacherbergundschwarzatalbahn.eu,Regio Schiene
oberweissbacher-berg-und-schwarzatalbahn.eu,Regio Schiene
obt.de,P.DL
onlinebusinesstravel.biz,P.DL
online-businesstravel.biz,P.DL
online-business-travel.biz,P.DL
online-businesstravel.com,P.DL
online-business-travel.com,P.DL
onlinebusinesstravel.de,P.DL
online-businesstravel.de,P.DL
online-business-travel.de,P.DL
onlinebusinesstravel.eu,P.DL
online-businesstravel.eu,P.DL
online-business-travel.eu,P.DL
onlinebusinesstravel.info,P.DL
online-businesstravel.info,P.DL
online-business-travel.info,P.DL
onlinebusinesstravel.net,P.DL
online-businesstravel.net,P.DL
online-business-travel.net,P.DL
onlinebusinesstravel.org,P.DL
online-businesstravel.org,P.DL
online-business-travel.org,P.DL
onlinefahrkarten.de,VT-Plattform (passiv)
online-fahrkarten.de,VT-Plattform (passiv)
onlineticket-muenchen.de,DB Vertrieb
onlineticket-munich.de,DB Vertrieb
onlineticket-mvv.de,Sonstige
onlineticket-vrn.de,DB Vertrieb
ostbayernexpress.com,Regio Schiene
ostbayern-express.com,Regio Schiene
ostbayernexpress.de,Regio Schiene
ostbayern-express.de,Regio Schiene
ostbayernexpress.info,Regio Schiene
ostbayern-express .info,Regio Schiene
ostbayernexpress.net,Regio Schiene
ostbayern-express.net,Regio Schiene
ostbayernexpress.org,Regio Schiene
ostbayern-express.org,Regio Schiene
ostwestfalen-lippe-bus.de,Regio Bus
ots-nrw.de,DB Vertrieb
ots-vrn.de,DB Vertrieb
outletshuttle.de,Regio Bus
ovf.de,Regio Bus
owl-dieselnetz.de,Regio Schiene
panorado.de,Sonstige
parcelintercity.com,Fernverkehr
parcel-intercity.com,Fernverkehr
parcelintercity.de,Fernverkehr
parcel-intercity.de,Fernverkehr
parcelintercity.net,Fernverkehr
parcel-intercity.net,Fernverkehr
parkservice.de,Sonstige
partner-bahn.de,P.DL
pendlerabo.com,VT-Plattform (passiv)
pendler-abo.com,VT-Plattform (passiv)
pendlerabo.de,VT-Plattform (passiv)
pendler-abo.de,VT-Plattform (passiv)
personenverkehr.com,Sonstige
personenverkehr.net,Sonstige
pflatscher.de,Sonstige
planandspar.eu,Fernverkehr
plan-and-spar.eu,Fernverkehr
planspar.biz,Fernverkehr
plan-spar.biz,Fernverkehr
planspar.com,Fernverkehr
plan-spar.com,Fernverkehr
planspar.de,Fernverkehr
plan-spar.de,Fernverkehr
plan-spar.eu,Fernverkehr
planspar.info,Fernverkehr
plan-spar.info,Fernverkehr
planspar10.biz,Fernverkehr
plan-spar-10.biz,Fernverkehr
planspar10.com,Fernverkehr
plan-spar-10.com,Fernverkehr
planspar10.de,Fernverkehr
plan-spar-10.de,Fernverkehr
planspar10.info,Fernverkehr
plan-spar-10.info,Fernverkehr
planspar25.biz,Fernverkehr
plan-spar-25.biz,Fernverkehr
planspar25.com,Fernverkehr
plan-spar-25.com,Fernverkehr
planspar25.de,Fernverkehr
plan-spar-25.de,Fernverkehr
planspar25.info,Fernverkehr
plan-spar-25.info,Fernverkehr
planspar40.biz,Fernverkehr
plan-spar-40.biz,Fernverkehr
planspar40.com,Fernverkehr
plan-spar-40.com,Fernverkehr
planspar40.de,Fernverkehr
plan-spar-40.de,Fernverkehr
planspar40.info,Fernverkehr
plan-spar-40.info,Fernverkehr
planundspar.biz,Fernverkehr
plan-und-spar.biz,Fernverkehr
planundspar.com,Fernverkehr
plan-und-spar.com,Fernverkehr
planundspar.de,Fernverkehr
plan-und-spar.de,Fernverkehr
planundspar.info,Fernverkehr
plan-und-spar.info,Fernverkehr
planundspar10.biz,Fernverkehr
plan-und-spar-10.biz,Fernverkehr
planundspar10.com,Fernverkehr
plan-und-spar-10.com,Fernverkehr
planundspar10.de,Fernverkehr
plan-und-spar-10.de,Fernverkehr
planundspar10.info,Fernverkehr
plan-und-spar-10.info,Fernverkehr
planundspar25.biz,Fernverkehr
plan-und-spar-25.biz,Fernverkehr
planundspar25.com,Fernverkehr
plan-und-spar-25.com,Fernverkehr
planundspar25.de,Fernverkehr
plan-und-spar-25.de,Fernverkehr
planundspar25.info,Fernverkehr
plan-und-spar-25.info,Fernverkehr
planundspar40.biz,Fernverkehr
plan-und-spar-40.biz,Fernverkehr
planundspar40.com,Fernverkehr
plan-und-spar-40.com,Fernverkehr
planundspar40.de,Fernverkehr
plan-und-spar-40.de,Fernverkehr
planundspar40.info,Fernverkehr
plan-und-spar-40.info,Fernverkehr
portobello-road.de,Sonstige
qrbahn.de,Fernverkehr
rail.de,Sonstige
rail4sale.co.uk,Sonstige
railalliance.com,Fernverkehr
rail-alliance.com,Sonstige
railalliance.de,Fernverkehr
rail-alliance.de,Fernverkehr
railalliance.net,Fernverkehr
rail-alliance.net,Fernverkehr
rail-and-fly.de,Fernverkehr
railandmail.biz,Sonstige
railandmail.com,Sonstige
railandmail.de,Sonstige
railandmail.eu,Sonstige
rail-and-mail.eu,Sonstige
railandmail.info,Sonstige
railandmail.net,Sonstige
railandmail.org,Sonstige
railandsleep.eu,Fernverkehr
rail-and-sleep.eu,Fernverkehr
railbrowser.de,Sonstige
railclient.com,P.DL
railclient.de,P.DL
railclient.eu,P.DL
railcologne.co.uk,Sonstige
rail-europe.de,Sonstige
rail-freefloat.com,Sonstige
railguide.biz,P.DL
railguide.de,P.DL
railguide.net,P.DL
railguide.org,P.DL
rail-mail.eu,Sonstige
railmarket-db.com,Sonstige
railnavigator.com,VT-Plattform (passiv)
rail-navigator.com,VT-Plattform (passiv)
railnavigator.de,VT-Plattform (passiv)
rail-navigator.de,VT-Plattform (passiv)
railnavigator.eu,VT-Plattform (passiv)
rail-navigator.eu,VT-Plattform (passiv)
railnavigator.info,VT-Plattform (passiv)
rail-navigator.info,VT-Plattform (passiv)
railnavigator.net,VT-Plattform (passiv)
rail-navigator.net,VT-Plattform (passiv)
railnavigator.org,VT-Plattform (passiv)
rail-navigator.org,VT-Plattform (passiv)
railplus.biz,Fernverkehr
rail-plus.com,Fernverkehr
railplus.de,Fernverkehr
rail-plus.de,Fernverkehr
railplus.info,Fernverkehr
railplus.net,Fernverkehr
rail-plus.net,Fernverkehr
railport.info,Sonstige
railport.org,Sonstige
railserver.de,VT-Plattform (passiv)
railshow-statt-roadshow.de,Sonstige
railskb.com,Sonstige
rail-sleep.eu,Sonstige
railundmail.biz,Sonstige
railundmail.com,Sonstige
railundmail.de,Sonstige
railundmail.info,Sonstige
railundmail.net,Sonstige
railundmail.org,Sonstige
railwaynetmarket.com,Sonstige
rbb-bus.de,Regio Bus
rbo.de,Regio Bus
rbrheinruhr.com,Regio Schiene
rbrhein-ruhr.com,Regio Schiene
rb-rhein-ruhr.com,Regio Schiene
rbrheinruhr.de,Regio Schiene
rbrhein-ruhr.de,Regio Schiene
rb-rhein-ruhr.de,Regio Schiene
rbwestfalen.com,Regio Schiene
realys.com,Sonstige
realys.de,Sonstige
realys.net,Sonstige
regio-allgaeu.biz,Regio Schiene
regio-allgaeu.com,Regio Schiene
regio-allgaeu.de,Regio Schiene
regio-allgaeu.info,Regio Schiene
regio-allgaeu.net,Regio Schiene
regio-allgaeu.org,Regio Schiene
regio-allgaeu-schwaben.de,Regio Schiene
regiobahn.biz,Regio Schiene
regio-bahn.biz,Regio Schiene
regio-bahn.eu,Regio Schiene
regiobahn.info,Regio Schiene
regio-bahn.info,Regio Schiene
regiobahn-rheinneckar.de,Regio Schiene
regiobahn-rhein-neckar.de,Regio Schiene
regio-bayerisch-schwaben.biz,Regio Schiene
regio-bayerisch-schwaben.com,Regio Schiene
regio-bayerisch-schwaben.de,Regio Schiene
regio-bayerisch-schwaben.info,Regio Schiene
regio-bayerisch-schwaben.net,Regio Schiene
regio-bayerisch-schwaben.org,Regio Schiene
regio-bayern.de,Regio Schiene
regiobus-nord.de,Regio Bus
regiobusstuttgart.de,Regio Schiene
regio-city-bahn.eu,Regio Schiene
regio-city-express.eu,Regio Schiene
regio-city-shuttle.eu,Regio Schiene
regio-city-sprinter.eu,Regio Schiene
regiodb.eu,Regio Schiene
regiodirekt.eu,Regio Schiene
regioexpres.de,Regio Schiene
regio-expres.de,Regio Schiene
regioexpress.biz,Regio Schiene
regio-express.biz,Regio Schiene
regioexpress.de,Regio Schiene
regio-express.de,Regio Schiene
regio-express.eu,Regio Schiene
regioexpress.info,Regio Schiene
regio-express.info,Regio Schiene
regio-franken.de,Regio Schiene
regio-liner.eu,Regio Schiene
regiomitteldeutschland.biz,Regio Schiene
regio-mitteldeutschland.biz,Regio Schiene
regiomitteldeutschland.com,Regio Schiene
regio-mitteldeutschland.com,Regio Schiene
regiomitteldeutschland.de,Regio Schiene
regio-mitteldeutschland.de,Regio Schiene
regiomitteldeutschland.info,Regio Schiene
regio-mitteldeutschland.info,Regio Schiene
regiomitteldeutschland.net,Regio Schiene
regio-mitteldeutschland.net,Regio Schiene
regiomitteldeutschland.org,Regio Schiene
regio-mitteldeutschland.org,Regio Schiene
regio-mitteifranken.biz,Regio Schiene
regio-mittelfranken.com,Regio Schiene
regio-mittelfranken.de,Regio Schiene
regio-mittelfranken.info,Regio Schiene
regio-mittelfranken.net,Regio Schiene
regio-mittelfranken.org,Regio Schiene
regionalbahn.de,Regio Schiene
regionalbahn-rheinneckar.de,Regio Schiene
regionalbahn-rhein-neckar.de,Regio Schiene
regionalbahn-sh.de,Regio Schiene
regionalexpress.biz,Regio Schiene
regional-express.biz,Regio Schiene
regionalexpress.de,Regio Schiene
regionalexpress.eu,Regio Schiene
regionalexpress.info,Regio Schiene
regional-express.info,Regio Schiene
regional-s-bahn-rheinneckar.de,Regio Schiene
regional-s-bahn-rhein-neckar.de,Regio Schiene
regionalverkehrfranken.de,Regio Schiene
regionalverkehr-franken.de,Regio Schiene
regionalverkehrostbayern.de,Regio Schiene
regionalverkehr-ostbayern.de,Regio Schiene
regionalverkehrsuedbayern.de,Regio Schiene
regionatverkehr-suedbayern.de,Regio Schiene
regionalys.eu,Regio Schiene
regionetze.de,Regio Schiene
regio-nord.de,Regio Schiene
regio-nordostbayern.de,Regio Schiene
region-suedost.com,Regio Schiene
region-suedost.de,Regio Schiene
region-suedostinfo,Regio Schiene
region-suedost.net,Regio Schiene
regio-oberbayern.biz,Regio Schiene
regio-oberbayern.com,Regio Schiene
regio-oberbayern.de,Regio Schiene
regio-oberbayern.info,Regio Schiene
regio-oberbayern.net,Regio Schiene
regio-oberbayern.org,Regio Schiene
regio-oberfranken.biz,Regio Schiene
regio-oberfranken.com,Regio Schiene
regio-oberfranken.de,Regio Schiene
regio-oberfranken.info,Regio Schiene
regio-oberfranken.net,Regio Schiene
regio-oberfranken.org,Regio Schiene
regio-ostbayern.biz,Regio Schiene
regio-ostbayern.com,Regio Schiene
regio-ostbayern.de,Regio Schiene
regio-ostbayern.info,Regio Schiene
regio-ostbayern.net,Regio Schiene
regio-ostbayern.org,Regio Schiene
regiosprinter.biz,Regio Schiene
regio-sprinter.biz,Regio Schiene
regiosprinter.de,Regio Schiene
regio-sprinter.de,Regio Schiene
regio-sprinter.eu,Regio Schiene
regiosprinter.info,Regio Schiene
regio-sprinter.info,Regio Schiene
regio-streckenagent.de,Regio Schiene
regio-suedost.com,Regio Schiene
regio-suedost.de,Regio Schiene
regio-suedostinfo,Regio Schiene
regio-suedost.net,Regio Schiene
regioticket.biz,Regio Schiene
regio-ticket.biz,Regio Schiene
regio-ticket.de,Regio Schiene
regioticket.eu,Regio Schiene
regioticket.info,Regio Schiene
regio-ticket.info,Regio Schiene
regio-tram.eu,Regio Schiene
regio-unterfranken.biz,Regio Schiene
regio-unterfranken.com,Regio Schiene
regio-unterfranken.de,Regio Schiene
regio-unterfranken.info,Regio Schiene
regio-unterfranken.net,Regio Schiene
regio-unterfranken.org,Regio Schiene
reichsbahn.de,Sonstige
reinigen.net,Sonstige
reinigung.net,Sonstige
reiseauskunft.biz,VT-Plattform (passiv)
reiseauskunft.info,VT-Plattform (passiv)
reisepause.de,Sonstige
reiseplan-bahn.de,P.DL
rhealys.de,Sonstige
rheinalp.eu,Fernverkehr
rheingold.biz,Fernverkehr
rheingold.info,Fernverkehr
rheinhaardexpress.de,Regio Schiene
rheinlandbus.de,Regio Bus
rheinland-bus.de,Regio Bus
rheinneckar-bahn.de,Regio Schiene
rhein-neckar-bahn.de,Regio Schiene
rheinneckarbus.de,Regio Bus
rheinneckar-regiobahn.de,Regio Schiene
rhein-neckar-regiobahn.de,Regio Schiene
rheinneckar-s-bahn.de,Regio Schiene
rhein-neckar-s-bahn.de,Regio Schiene
rheinsiegexpress.com,Regio Schiene
rhein-sieg-express.com,Regio Schiene
rheinsiegexpress.de,Regio Schiene
rheinsieg-express.de,Regio Schiene
rheinsiegexpress.org,Regio Schiene
rhein-sprinter.de,Fernverkehr
rhoenbahn.biz,Regio Schiene
rhoenbahn.com,Regio Schiene
rhoenbahn.de,Regio Schiene
rhoenbahn.info,Regio Schiene
rhoenbahn.net,Regio Schiene
rhoenbahn.org,Regio Schiene
rmv-handyticket.de,DB Vertrieb
rottalbahn.de,Regio Schiene
rottal-bahn.de,Regio Schiene
ruhpoldingbahn.de,Regio Schiene
ruhpoldinger-bahn.de,Regio Schiene
rva-bus.de,Regio Bus
rve-aachen.de,Regio Bus
rvn-we sel.de,Regio Bus
rvo-bus.de,Regio Bus
saalebahn.biz,Regio Schiene
saalebahn.com,Regio Schiene
saalebahn.info,Regio Schiene
saalebahn.net,Regio Schiene
saalebahn.org,Regio Schiene
sachsenanhaltbahn.biz,Regio Schiene
sachsen-anhaitbahn.biz,Regio Schiene
sachsenanhaltbahn.com,Regio Schiene
sachsen-anhaltbahn.com,Regio Schiene
sachsenanhaltbahn.de,Regio Schiene
sachsen-anhaitbahn.de,Regio Schiene
sachsenanhaltbahn.info,Regio Schiene
sachsen-anhaitbahn.info,Regio Schiene
sachsenanhaltbahn.net,Regio Schiene
sachsen-anhaltbahn.net,Regio Schiene
sachsenanhaltbahn.org,Regio Schiene
sachsen-anhattbahn.org,Regio Schiene
sachsenbahn.biz,Regio Schiene
sachsenbahn.com,Regio Schiene
sachsenbahn.info,Regio Schiene
sachsenbahn.net,Regio Schiene
sachsenbahn.org,Regio Schiene
saechsischebahn.biz,Regio Schiene
saechsische-bahn.biz,Regio Schiene
saechsischebahn.com,Regio Schiene
saechsische-bahn.com,Regio Schiene
saechsischebahn.de,Regio Schiene
saechsische-bahn.de,Regio Schiene
saechsischebahn.info,Regio Schiene
saechsische-bahn.info,Regio Schiene
saechsischebahn.net,Regio Schiene
saechsische-bahn.net,Regio Schiene
saechsischebahn.org,Regio Schiene
saechsische-bahn.org,Regio Schiene
saechsischeregiobahn.biz,Regio Schiene
saechsische-regio-bahn.biz,Regio Schiene
saechsischeregiobahn.com,Regio Schiene
saechsische-regio-bahn.com,Regio Schiene
saechsischeregiobahn.de,Regio Schiene
saechsische-regio-bahn.de,Regio Schiene
saechsischeregiobahn.info,Regio Schiene
saechsische-regio-bahn.info,Regio Schiene
saechsischeregiobahn.net,Regio Schiene
saechsische-regio-bahn.net,Regio Schiene
saechsischeregiobahn.org,Regio Schiene
saechsische-regio-bahn.org,Regio Schiene
sbahn.biz,Regio Schiene
s-bahn.biz,Regio Schiene
sbahn.de,Regio Schiene
s-bahn.de,Regio Schiene
sbahn.digital,Regio Schiene
s-bahn.digital,Regio Schiene
s-bahn.eu,Regio Schiene
sbahn.info,Regio Schiene
s-bahn.info,Regio Schiene
s-bahn.online,Regio Schiene
sbahnbremen.de,Regio Schiene
sbahn-bremen.de,Regio Schiene
s-bahn-bremen.de,Regio Schiene
s-bahnhalleipzig.eu,Regio Schiene
s-bahn-hamburg.de,Regio Schiene
sbahnhamburg.digital,Regio Schiene
sbahn-hamburg.digital,Regio Schiene
sbahnhannover.de,Regio Schiene
s-bahn-hannover.de,Regio Schiene
sbahnmitteldeutschland.de,Regio Schiene
s-bahn-mitteldeutschland.de,Regio Schiene
s-bahn-muenchen.de,Regio Schiene
s-bahn-nuernberg.com,Regio Schiene
sbahnnuernberg.de,Regio Schiene
s-bahn-nuernberg.de,Regio Schiene
s-bahn-nuernberg.info,Regio Schiene
s-bahn-nuernberg.net,Regio Schiene
s-bahn-nuernberg.org,Regio Schiene
s-bahn-rhein-main.de,Regio Schiene
sbahnrheinneckar.biz,Regio Schiene
sbahn-rheinneckar.biz,Regio Schiene
sbahn-rhein-neckar.biz,Regio Schiene
s-bahn-rheinneckar.biz,Regio Schiene
s-bahn-rhein-neckar.biz,Regio Schiene
sbahnrheinneckar.com,Regio Schiene
sbahn-rheinneckar.com,Regio Schiene
sbahn-rhein-neckar.com,Regio Schiene
s-bahn-rheinneckar.com,Regio Schiene
s-bahn-rhein-neckar.com,Regio Schiene
sbahnrheinneckar.de,Regio Schiene
sbahn-rheinneckar.de,Regio Schiene
sbahn-rhein-neckar.de,Regio Schiene
s-bahn-rheinneckar.de,Regio Schiene
s-bahn-rhein-neckar.de,Regio Schiene
sbahnrheinneckar.info,Regio Schiene
sbahn-rheinneckar.info,Regio Schiene
sbahn-rhein-neckar.info,Regio Schiene
s-bahn-rheinneckar.info,Regio Schiene
s-bahn-rhein-neckar.info,Regio Schiene
s-bahn-stuttgart.biz,Sonstige
s-bahn-stuttgart.com,Regio Schiene
sbahnstuttgart.de,Regio Schiene
s-bahn-stuttgart.de,Regio Schiene
schleswigholsteinexpress.de,Regio Schiene
schleswigholstein-express.de,Regio Schiene
schleswig-holstein-express.de,Regio Schiene
schleswig-holstein-express.eu,Regio Schiene
schleswigholsteinxpress.de,Regio Schiene
schleswigholstein-xpress.de,Regio Schiene
schleswig-holstein-xpress.de,Regio Schiene
schnellbus.de,Regio Bus
schoenes-wochenende-ticket.de,Regio Schiene
schoeneswochenendeticket.eu,Regio Schiene
schoenes-wochenende-ticket.eu,Regio Schiene
schwarzatalbahn.de,Regio Schiene
schwarzatal-bahn.de,Regio Schiene
seehaensele.de,Regio Schiene
service-bahn.de,VT-Plattform (passiv)
serviceinsel.de,Sonstige
services-bahn.de,VT-Plattform (passiv)
shexpress.de,Regio Schiene
sh-express.de,Regio Schiene
shopping-freizeit-ticket.de,P.DL
showtrain-db.de,Sonstige
showtrain-erleben.de,Sonstige
showtrain-online.de,Sonstige
shuttlerapid.eu,Sonstige
shxpress.de,Regio Schiene
sh-xpress.de,Regio Schiene
skbprocurement.com,Sonstige
snapbus-db.com,Regio Bus
snapbus-db.com,Regio Bus
snapbus-db.de,Regio Bus
snapbus-db.de,Regio Bus
somer-ticket-bahn.de,Fernverkehr
sommerticket-bahn.de,Fernverkehr
sommer-ticket-bahn.de,VT-Plattform (aktiv)
soyogo.de,Sonstige
spacerail.com,Sonstige
spacerail.de,Sonstige
spar-night.com,Fernverkehr
spn-bus.de,Regio Bus
spreeneissebus.de,Regio Bus
spree-neisse-bus.de,Regio Bus
spree-sprinter.de,Regio Schiene
spreewaldbahn.biz,Regio Schiene
spreewaldbahn.com,Regio Schiene
spreewaldbahn.info,Regio Schiene
spreewaldbahn.net,Regio Schiene
spreewaldbahn.org,Regio Schiene
stadtbus-bueren.de,Regio Bus
stadtbus-hoexter.de,Regio Bus
stadtbus-salzkotten.de,Regio Bus
stadtbus-warburg.de,Regio Bus
stadtexpress.biz,Regio Schiene
stadt-express.biz,Regio Schiene
stadtexpress.com,Regio Schiene
stadt-express.com,Regio Schiene
stadtexpress.de,Regio Schiene
stadt-express.de,Regio Schiene
stadtexpress.eu,Regio Schiene
stadtexpress.info,Regio Schiene
stadt-express.info,Regio Schiene
start.de,P.DL
startreisen.de,P.DL
start-reisen.de,P.DL
static-bahn.de,VT-Plattform (passiv)
staurabatt.de,Fernverkehr
staurabatt-bahn.de,Fernverkehr
streckenagent.de,Regio Schiene
streckenagent-regio.de,Regio Schiene
suedbadenbus.com,Regio Bus
suedbadenbus.de,Regio Bus
suedbadenbus.info,Regio Bus
suedbadenbus.net,Regio Bus
suedbadenbus.org,Regio Bus
suedostbayernbahn.de,Regio Schiene
suedostbayern-bahn.de,Regio Schiene
sued-ost-bayernbahn.de,Regio Schiene
sued-ost-bayern-bahn.de,Regio Schiene
suedwestexpress.de,Regio Schiene
suewex.de,Regio Schiene
surdfandtravel.eu,Fernverkehr
surfandrail.biz,VT-Plattform (passiv)
surf-and-rail.biz,VT-Plattform (passiv)
surfandrail.com,VT-Plattform (passiv)
surf-and-rail.com,VT-Plattform (passiv)
surfandrail.de,VT-Plattform (passiv)
surf-and-rail.de,VT-Plattform (passiv)
surfandrail.eu,VT-Plattform (passiv)
surfandrail.info,VT-Plattform (passiv)
surf-and-rail.info,VT-Plattform (passiv)
surfandtravel.biz,VT-Plattform (passiv)
surf-and-travel.biz,VT-Plattform (passiv)
surfandtravel.de,VT-Plattform (passiv)
surfandtravel.eu,VT-Plattform (passiv)
surf-and-travel.eu,VT-Plattform (passiv)
surfandtravel.info,VT-Plattform (passiv)
surf-and-travel.info,VT-Plattform (passiv)
surf-and-travel.net,VT-Plattform (passiv)
surfandtravel.org,VT-Plattform (passiv)
surf-and-travel.org,VT-Plattform (passiv)
surf-rail.eu,VT-Plattform (passiv)
surfundrail.biz,VT-Plattform (passiv)
surf-und-rail.biz,VT-Plattform (passiv)
surfundrail.info,VT-Plattform (passiv)
surf-und-rail.info,VT-Plattform (passiv)
tausend-gruesse.de,Sonstige
tee-diebahn.com,Fernverkehr
tee-die-bahn.com,Fernverkehr
tee-diebahn.de,Fernverkehr
tee-die-bahn.de,Fernverkehr
tee-diebahn.net,Fernverkehr
tee-die-bahn.net,Fernverkehr
tee-het-spoorwegen.com,Fernverkehr
tee-het-spoorwegen.de,Fernverkehr
tee-het-spoorwegen.net,Fernverkehr
tee-letrain.com,Fernverkehr
tee-le-train.com,Fernverkehr
tee-letrain.de,Sonstige
tee-le-train.de,Sonstige
tee-letrain.net,Fernverkehr
tee-le-train.net,Fernverkehr
tee-railalliance.com,Fernverkehr
tee-rail-alliance.com,Fernverkehr
tee-railalliance.de,Fernverkehr
tee-rail-alliance.de,Fernverkehr
tee-railalliance.net,Fernverkehr
tee-rail-alliance.net,Fernverkehr
tee-reisen.de,Fernverkehr
tee-the-railway.com,Fernverkehr
tee-the-railway.de,Fernverkehr
tee-the-railway.net,Fernverkehr
tee-thespoorwegen.com,Fernverkehr
tee-thespoorwegen.de,Fernverkehr
tee-thespoorwegen.net,Fernverkehr
tee-transeuropean-excellence.biz,Fernverkehr
tee-trans-european-excellence.de,Fernverkehr
tee-transeuropean-excellence.info,Fernverkehr
tee-vt115.de,Fernverkehr
tentranseuronacht.eu,Fernverkehr
theicetrain.com,Fernverkehr
the-icetrain.com,Fernverkehr
thenicetrain.co.uk,Fernverkehr
the-nicetrain.co.uk,Fernverkehr
thenicetrain.com,Fernverkehr
the-nicetrain.com,Fernverkehr
thueringerbahn.biz,Regio Schiene
thueringer-bahn.biz,Regio Schiene
thueringerbahn.com,Regio Schiene
thueringer-bahn.com,Regio Schiene
thueringerbahn.de,Regio Schiene
thueringerbahn.info,Regio Schiene
thueringer-bahn.info,Regio Schiene
thueringerbahn.net,Regio Schiene
thueringer-bahn.net,Regio Schiene
thueringerbahn.org,Regio Schiene
thueringer-bahn.org,Regio Schiene
ticketbahn.de,P.DL
ticket-bahn.de,P.DL
ticketklima.de,DB Vertrieb
ticket-klima.de,DB Vertrieb
ticketnrw.com,DB Vertrieb
ticketnrw.de,DB Vertrieb
ticketsbahn.de,VT-Plattform (passiv)
tickets-bahn.de,VT-Plattform (passiv)
ticketshop-vrn.de,DB Vertrieb
tickets-vrn.de,DB Vertrieb
tierischontour.de,Sonstige
tierisch-on-tour.de,Sonstige
touchandride.biz,VT-Plattform (passiv)
touchand-ride.biz,VT-Plattform (passiv)
touch-andride.biz,VT-Plattform (passiv)
touch-and-ride.biz,VT-Plattform (passiv)
touchandride.com,VT-Plattform (passiv)
touchand-ride.com,VT-Plattform (passiv)
touch-andride.com,VT-Plattform (passiv)
touch-and-ride.com,VT-Plattform (passiv)
touchandride.de,VT-Plattform (passiv)
touchand-ride.de,VT-Plattform (passiv)
touch-andride.de,VT-Plattform (passiv)
touch-and-ride.de,VT-Plattform (passiv)
touchandride.info,VT-Plattform (passiv)
touchand-ride.info,VT-Plattform (passiv)
touch-andride.info,VT-Plattform (passiv)
touch-and-ride.info,VT-Plattform (passiv)
touchandride.net,VT-Plattform (passiv)
touchand-ride.net,VT-Plattform (passiv)
touch-andride.net,VT-Plattform (passiv)
touch-and-ride.net,VT-Plattform (passiv)
trainangel.de,Sonstige
trainangels.de,Sonstige
trainbrac.eu,Sonstige
trainorplane.biz,Fernverkehr
train-or-plane.biz,Fernverkehr
trainorplane.com,Fernverkehr
train-or-plane.com,Fernverkehr
trainorplane.de,Fernverkehr
train-or-plane.de,Fernverkehr
trainorplane.eu,Fernverkehr
train-or-plane.eu,Fernverkehr
trainorplane.info,Fernverkehr
train-or-plane.info,Fernverkehr
trainorplane.net,Fernverkehr
train-or-plane.net,Fernverkehr
trainorplane.org,Fernverkehr
train-or-plane.org,Fernverkehr
traunalzbahn.de,Regio Schiene
traun-alz-bahn.de,Regio Schiene
travelzoo-bahn.de,Fernverkehr
umfrage-bahn.de,Sonstige
umfragen-bahn.de,P.DL
umweltfahrplan.de,VT-Plattform (passiv)
umweltmobilcheck.de,Fernverkehr
untermainbus.de,Regio Bus
urlaubsexpress.com,Sonstige
urlaubszug.de,Sonstige
vbb-handyticket.de,DB Vertrieb
vbl-gmbh.de,Sonstige
vbn-handyticket.de,DB Vertrieb
veranstaltungsticket-bahn.de,VT-Plattform (passiv)
verbrennungs-antrieb.de,Sonstige
verbundticket.de,DB Vertrieb
vertriebsserviceostbayern.de,Regio Schiene
vgm-handyticket.de,DB Vertrieb
vgn-handyticket.de,DB Vertrieb
viabahn.biz,Sonstige
via-bahn.biz,Sonstige
viabahn.eu,Sonstige
via-bahn.eu,Sonstige
viabahn.info,Sonstige
via-bahn.info,Sonstige
visualcargo.de,Sonstige
vmt-ots.de,DB Vertrieb
vrm-handyticket.de,DB Vertrieb
vrn-handyticket.de,DB Vertrieb
vrn-onlineticket.de,DB Vertrieb
vrn-ots.de,DB Vertrieb
vrn-tickets.de,DB Vertrieb
vrn-ticketshop.de,DB Vertrieb
vrr-handyticket.de,DB Vertrieb
vrs-handyticket.de,DB Vertrieb
vtix.de,Sonstige
v-tix.de,Sonstige
vu-bus.de,Regio Bus
vu-gmbh.de,Regio Bus
vvs-handyticket.de,DB Vertrieb
wagingerbahn.de,Regio Schiene
waginger-bahn.de,Regio Schiene
wattensprinter.de,Fernverkehr
wattnsprinter.de,Fernverkehr
wattsprinter.de,Fernverkehr
watt-sprinter.de,Fernverkehr
wcrr2001.de,Sonstige
webteambahn.de,P.DL
werdenfels-bahn.de,Regio Schiene
weser-ems-bus.de,Regio Bus
westfalenbus.de,Regio Bus
westfrankenbahn.de,Regio Schiene
westpfalznetz.de,Regio Schiene
west-pfalz-netz.de,Regio Schiene
wifibahn.com,Fernverkehr
wifi-bahn.com,Fernverkehr
wifibahn.info,Fernverkehr
wifi-bahn.info,Fernverkehr
wifibahn.net,Fernverkehr
wifi-bahn.net,Fernverkehr
wifibahn.org,Fernverkehr
wifi-bahn.org,Fernverkehr
wochenend-ticket.de,Regio Schiene
wwwbahn.de,VT-Plattform (passiv)
www-bahn.de,VT-Plattform (passiv)
wwwbahncard.biz,Fernverkehr
wwwbahncard.com,Fernverkehr
wwwbahncard.de,Fernverkehr
wwwbahncard.info,Fernverkehr
wwwbahncard.net,Fernverkehr
wwwbahncard.org,Fernverkehr
zugbus.biz,Regio Bus
zugbus.eu,Regio Bus
zugbus.info,Regio Bus
zugbus-rab.de,Regio Bus
zugname.de,Sonstige
zugoderflug.biz,Fernverkehr
zug-oder-flug.biz,Fernverkehr
zugoderflug.com,Fernverkehr
zug-oder-flug.com,Fernverkehr
xn-2S0prmienpunkte-4kb.de,Fernverkehr
xn-bahnfahrenimsdwesten-1ec.de,Regio Schiene
xn-bahnfahren-im-sdwesten-6lc.de,Regio Schiene
xn-brderlandbahn-imb.de,Regio Schiene
xn-brg-kln-e1a.de,Sonstige
xn-dbgepckservice-bahn-kwb.de,VT-Plattform (passiv)
xn-dbregio-sdost-4ob.de,Regio Schiene
xn-db-regio-sdost-psb.de,Regio Schiene
xn-dbreisebro-heb.de,P.DL
xn-franken-thringen-express-4sc.de,Regio Schiene
xn-gepck-bahn-s5a.de,VT-Plattform (passiv)
xn-gepckservice-bahn-sqb.de,VT-Plattform (passiv)
xn-geschftsreise-service-91b.ch,P.DL
xn-geschftsreise-service-91b.com,P.DL
xn-geschftsreise-service-91b.de,P.DL
xn-geschftsreise-service-91b.net,P.DL
xn-mehrzeitfrwesentiiches-0lc.de,Fernverkehr
xn-mglitzbahn-9db.de,Regio Schiene
xn-mnchen-onlineticket-59b.de,DB Vertrieb
xn-mnchenulmexpress-jzb.de,Regio Schiene
xn-mnchen-ulm-express-m6b.de,Regio Schiene
xn-nordthringen-bahn-72b.de,Regio Schiene
xn-nordthringenbahn-ozb.de,Regio Schiene
xn-onlineticket-mnchen-jbc.de,DB Vertrieb
xn-onlineticketshop-mnchen-tpc.de,DB Vertrieb
xn-regio-allgu-u8a.de,Regio Schiene
xn-regionalverkehr-sdbayern-ctc.de,Regio Schiene
xn-regionalverkehrsdbayern-rpc.de,Regio Schiene
xn-region-sdost-klb.de,Regio Schiene
xn-regio-sdost-zhb.de,Regio Schiene
xn-rhnbahn-b1a.de,Regio Schiene
xn-s-bahn-mnchen-3ob.de,Regio Schiene
xn-s-bahn-nrnberg-nsb.com,Regio Schiene
xn-s-bahn-nrnberg-nsb.de,Regio Schiene
xn-s-bahn-nrnberg-nsb.net,Regio Schiene
xn-schsische-bahn-5hb.de,Regio Schiene
xn-schsischebahn-bfb.de,Regio Schiene
xn-schsische-regio-bahn-bzb.de,Regio Schiene
xn-schsischeregiobahn-ltb.de,Regio Schiene
xn-sdbadenbus-9db.com,Regio Bus
xn-sdbadenbus-9db.de,Regio Bus
xn-sdbadenbus-9db.net,Regio Bus
xn-stadtbus-bren-5ob.de,Regio Bus
xn-stadtbus-hxter-4pb.de,Regio Bus
xn-swex-0ra.de,Regio Schiene
xn-thringerbahn-elb.de,Regio Schiene
xn-thringer-bahn-xob.de,Regio Schiene
zschopautal-bahn.de,Regio Schiene
zugauskunftonline.de,VT-Plattform (passiv)
zugauskunft-online.de,VT-Plattform (passiv)